Type,No_of_Bills,Timestamp,Invoice_No_,Staff,Name,Phone,f0_
Summary,241,,,TD,,,548.0
Summary,264,,,MK,,,491.0
Summary,259,,,SK,,,462.0
Summary,4,,,Multiple,,,32.0
Summary,17,,,TB,,,140.0
Summary,195,,,SM,,,380.0
Summary,12,,,UU,,,1.0
Summary,2,,,SS,,,
Details,,2024-10-12 14:56:19+00:00,11326,TD,,,15.0
Details,,2024-10-13 20:57:54+00:00,11482,MK,,,2.0
Details,,2024-10-15 15:16:58+00:00,11567,TD,,,10.0
Details,,2024-10-05 13:56:50+00:00,10902,TD,,,4.0
Details,,2024-10-11 13:29:21+00:00,11232,TD,,,4.0
Details,,2024-10-16 14:26:25+00:00,11627,MK,,,5.0
Details,,2024-10-01 22:04:51+00:00,10700,SK,,,7.0
Details,,2024-10-09 15:05:18+00:00,11160,MK,,,1.0
Details,,2024-10-13 23:22:44+00:00,11516,TD,,,3.0
Details,,2024-10-06 14:02:54+00:00,10984,MK,,,3.0
Details,,2024-10-15 15:13:39+00:00,11566,TD,,,5.0
Details,,2024-10-16 22:12:25+00:00,11668,TD,,,2.0
Details,,2024-10-13 22:04:09+00:00,11498,SK,,,6.0
Details,,2024-10-02 14:04:52+00:00,10730,TD,,,3.0
Details,,2024-10-15 15:25:29+00:00,3107,TD,,,2.0
Details,,2024-10-17 22:45:07+00:00,3141,Multiple,,,1.0
Details,,2024-10-17 21:05:32+00:00,11697,TB,,,25.0
Details,,2024-10-11 23:47:14+00:00,11299,TB,,,25.0
Details,,2024-10-13 15:49:33+00:00,11447,TB,,,25.0
Details,,2024-10-15 16:01:33+00:00,11570,SM,,,0.0
Details,,2024-10-13 21:36:01+00:00,11492,TD,,,4.0
Details,,2024-10-13 23:38:39+00:00,11517,TB,,,30.0
Details,,2024-10-05 00:44:44+00:00,10899,Multiple,,,2.0
Details,,2024-10-13 20:14:50+00:00,11471,TD,,,2.0
Details,,2024-10-10 22:56:49+00:00,11222,SK,,,2.0
Details,,2024-10-01 22:18:54+00:00,10703,SK,,,2.0
Details,,2024-10-02 23:59:28+00:00,10798,SK,,,3.0
Details,,2024-10-08 23:37:08+00:00,11140,SK,,,9.0
Details,,2024-10-11 21:06:07+00:00,11261,SK,,,4.0
Details,,2024-10-01 23:16:43+00:00,10712,SK,,,4.0
Details,,2024-10-05 23:56:47+00:00,10966,SK,,,5.0
Details,,2024-10-06 21:56:47+00:00,11032,SK,,,5.0
Details,,2024-10-04 23:22:44+00:00,10896,TD,,,2.0
Details,,2024-10-17 23:04:46+00:00,11714,SK,,,13.0
Details,,2024-10-17 22:20:04+00:00,11710,SK,,,3.0
Details,,2024-10-12 00:16:40+00:00,11304,SK,,,7.0
Details,,2024-10-01 21:10:34+00:00,10696,SK,,,3.0
Details,,2024-10-02 23:23:06+00:00,10796,SK,,,2.0
Details,,2024-10-15 20:51:31+00:00,11580,SK,,,8.0
Details,,2024-10-13 15:28:56+00:00,11437,SK,,,6.0
Details,,2024-10-12 22:52:47+00:00,11388,SK,,,2.0
Details,,2024-10-11 21:30:49+00:00,11270,SK,,,6.0
Details,,2024-10-15 22:07:51+00:00,11596,SK,,,3.0
Details,,2024-10-01 22:30:08+00:00,10706,SK,,,5.0
Details,,2024-10-13 15:25:35+00:00,11435,SK,,,7.0
Details,,2024-10-16 23:54:09+00:00,11681,SK,,,1.0
Details,,2024-10-11 22:58:26+00:00,11288,SK,,,3.0
Details,,2024-10-06 21:36:08+00:00,11030,SK,,,2.0
Details,,2024-10-05 23:03:12+00:00,10955,SK,,,2.0
Details,,2024-10-11 21:52:22+00:00,11275,SK,,,2.0
Details,,2024-10-16 20:57:02+00:00,11660,SK,,,3.0
Details,,2024-10-06 20:58:23+00:00,11022,SK,,,4.0
Details,,2024-10-13 15:40:01+00:00,11442,SK,,,6.0
Details,,2024-10-17 23:44:57+00:00,11721,SK,,,8.0
Details,,2024-10-12 23:03:50+00:00,11392,SK,,,3.0
Details,,2024-10-13 00:12:27+00:00,11406,SK,,,5.0
Details,,2024-10-06 21:30:04+00:00,11028,SK,,,2.0
Details,,2024-10-13 20:36:20+00:00,11475,SK,,,8.0
Details,,2024-10-01 23:25:49+00:00,10714,SK,,,2.0
Details,,2024-10-03 23:48:42+00:00,10847,SK,,,12.0
Details,,2024-10-02 00:38:02+00:00,10720,SK,,,2.0
Details,,2024-10-11 00:30:47+00:00,11230,SK,,,2.0
Details,,2024-10-10 20:32:56+00:00,11205,SK,,,2.0
Details,,2024-10-06 00:03:21+00:00,10967,SK,,,4.0
Details,,2024-10-02 23:58:34+00:00,10797,SK,,,5.0
Details,,2024-10-06 23:45:45+00:00,11052,SK,,,4.0
Details,,2024-10-12 22:08:52+00:00,11378,SK,,,2.0
Details,,2024-10-03 21:10:51+00:00,10820,SK,,,5.0
Details,,2024-10-06 00:51:33+00:00,10968,SK,,,2.0
Details,,2024-10-03 22:59:33+00:00,10840,SK,,,4.0
Details,,2024-10-18 00:14:17+00:00,11727,SK,,,2.0
Details,,2024-10-13 15:33:31+00:00,11439,SK,,,6.0
Details,,2024-10-05 21:03:19+00:00,10932,SK,,,3.0
Details,,2024-10-06 23:39:23+00:00,11050,SK,,,2.0
Details,,2024-10-11 22:07:29+00:00,11277,SK,,,2.0
Details,,2024-10-13 00:58:28+00:00,11412,SK,,,3.0
Details,,2024-10-12 22:57:36+00:00,11390,SK,,,3.0
Details,,2024-10-18 00:02:49+00:00,11723,SK,,,1.0
Details,,2024-10-08 21:43:12+00:00,11131,SK,,,2.0
Details,,2024-10-05 20:15:58+00:00,10923,SK,,,2.0
Details,,2024-10-05 23:06:55+00:00,10957,SK,,,2.0
Details,,2024-10-11 23:56:46+00:00,11302,SK,,,2.0
Details,,2024-10-10 20:27:49+00:00,11204,SK,,,2.0
Details,,2024-10-13 00:27:49+00:00,11409,SK,,,2.0
Details,,2024-10-17 21:56:10+00:00,11707,SK,,,3.0
Details,,2024-10-12 21:34:46+00:00,11375,SK,,,10.0
Details,,2024-10-10 22:41:24+00:00,11218,SK,,,8.0
Details,,2024-10-10 20:07:14+00:00,11201,SK,,,2.0
Details,,2024-10-05 22:59:32+00:00,10953,SK,,,2.0
Details,,2024-10-06 21:48:30+00:00,11031,SK,,,18.0
Details,,2024-10-16 22:11:06+00:00,11667,SK,,,2.0
Details,,2024-10-06 22:57:52+00:00,11047,SK,,,4.0
Details,,2024-10-05 21:06:09+00:00,10933,SK,,,2.0
Details,,2024-10-06 00:55:43+00:00,10969,SK,,,2.0
Details,,2024-10-09 23:38:32+00:00,11183,SK,,,16.0
Details,,2024-10-08 23:41:44+00:00,11141,SK,,,4.0
Details,,2024-10-12 23:56:44+00:00,11403,SK,,,2.0
Details,,2024-10-16 23:27:56+00:00,11678,SK,,,3.0
Details,,2024-10-15 20:58:32+00:00,11581,SK,,,2.0
Details,,2024-10-05 22:03:07+00:00,10944,SK,,,5.0
Details,,2024-10-16 22:04:18+00:00,11665,SK,,,4.0
Details,,2024-10-12 23:35:18+00:00,11401,SK,,,3.0
Details,,2024-10-16 22:17:35+00:00,11669,SK,,,1.0
Details,,2024-10-05 20:30:00+00:00,10926,SK,,,3.0
Details,,2024-10-11 21:37:31+00:00,11272,SK,,,2.0
Details,,2024-10-08 20:23:05+00:00,11123,SK,,,3.0
Details,,2024-10-12 22:05:17+00:00,11377,SK,,,2.0
Details,,2024-10-13 20:50:51+00:00,11477,SK,,,4.0
Details,,2024-10-05 20:00:13+00:00,10921,SK,,,2.0
Details,,2024-10-16 23:02:19+00:00,11674,SK,,,10.0
Details,,2024-10-06 22:47:02+00:00,11046,SK,,,3.0
Details,,2024-10-02 22:40:11+00:00,10789,SK,,,10.0
Details,,2024-10-10 23:13:09+00:00,11224,SK,,,8.0
Details,,2024-10-05 23:20:55+00:00,10959,SK,,,6.0
Details,,2024-10-16 20:28:14+00:00,11653,SK,,,3.0
Details,,2024-10-02 21:40:11+00:00,10779,SK,,,4.0
Details,,2024-10-10 21:28:18+00:00,11209,SK,,,2.0
Details,,2024-10-11 22:17:28+00:00,11279,SK,,,8.0
Details,,2024-10-01 22:56:13+00:00,10711,SK,,,4.0
Details,,2024-10-11 20:53:23+00:00,11258,SK,,,2.0
Details,,2024-10-13 00:59:16+00:00,11413,SK,,,2.0
Details,,2024-10-12 22:09:12+00:00,11379,SK,,,2.0
Details,,2024-10-09 01:09:44+00:00,11144,SK,,,4.0
Details,,2024-10-12 00:50:18+00:00,11307,SK,,,3.0
Details,,2024-10-16 22:46:41+00:00,11671,SK,,,3.0
Details,,2024-10-02 21:34:30+00:00,10778,SK,,,4.0
Details,,2024-10-17 21:04:39+00:00,11696,SK,,,2.0
Details,,2024-10-16 00:04:49+00:00,11615,SK,,,3.0
Details,,2024-10-06 20:20:47+00:00,11014,SK,,,2.0
Details,,2024-10-16 00:32:45+00:00,11616,SK,,,5.0
Details,,2024-10-10 23:19:15+00:00,11225,SK,,,4.0
Details,,2024-10-16 20:25:50+00:00,11652,SK,,,2.0
Details,,2024-10-03 22:20:44+00:00,10837,SK,,,2.0
Details,,2024-10-08 20:35:50+00:00,11125,SK,,,2.0
Details,,2024-10-03 22:00:12+00:00,10832,SK,,,8.0
Details,,2024-10-02 22:52:18+00:00,10792,SK,,,3.0
Details,,2024-10-15 22:49:17+00:00,11606,SK,,,2.0
Details,,2024-10-07 00:06:25+00:00,11056,SK,,,8.0
Details,,2024-10-05 23:46:38+00:00,10964,SK,,,1.0
Details,,2024-10-12 01:09:50+00:00,11309,SK,,,4.0
Details,,2024-10-02 00:42:45+00:00,10721,SK,,,2.0
Details,,2024-10-12 20:06:53+00:00,11358,SK,,,4.0
Details,,2024-10-13 15:47:04+00:00,11446,SK,,,7.0
Details,,2024-10-05 22:34:41+00:00,10950,SK,,,3.0
Details,,2024-10-13 23:16:54+00:00,11515,SK,,,4.0
Details,,2024-10-03 21:53:19+00:00,10830,SK,,,3.0
Details,,2024-10-02 22:05:54+00:00,10783,SK,,,12.0
Details,,2024-10-10 20:13:18+00:00,11202,SK,,,2.0
Details,,2024-10-02 21:34:06+00:00,10777,SK,,,4.0
Details,,2024-10-08 21:46:36+00:00,11132,SK,,,12.0
Details,,2024-10-02 21:08:13+00:00,10770,SK,,,2.0
Details,,2024-10-11 22:34:24+00:00,11282,SK,,,7.0
Details,,2024-10-10 23:29:40+00:00,11227,SK,,,2.0
Details,,2024-10-04 00:16:50+00:00,10851,SK,,,2.0
Details,,2024-10-16 23:15:03+00:00,11677,SK,,,3.0
Details,,2024-10-10 22:41:19+00:00,11217,SK,,,2.0
Details,,2024-10-03 00:21:29+00:00,10801,SK,,,6.0
Details,,2024-10-15 21:37:49+00:00,11592,SK,,,7.0
Details,,2024-10-06 21:59:29+00:00,11035,SK,,,5.0
Details,,2024-10-17 21:16:01+00:00,11701,SK,,,2.0
Details,,2024-10-03 21:30:21+00:00,10824,SK,,,4.0
Details,,2024-10-12 22:37:42+00:00,11381,SK,,,3.0
Details,,2024-10-05 20:30:44+00:00,10927,SK,,,2.0
Details,,2024-10-12 00:16:27+00:00,11303,SK,,,4.0
Details,,2024-10-03 22:07:53+00:00,10834,SK,,,4.0
Details,,2024-10-05 21:28:48+00:00,10937,SK,,,3.0
Details,,2024-10-12 23:16:12+00:00,11399,SK,,,3.0
Details,,2024-10-12 21:25:44+00:00,11372,SK,,,3.0
Details,,2024-10-11 23:29:20+00:00,11294,SK,,,2.0
Details,,2024-10-12 20:50:31+00:00,11368,SK,,,4.0
Details,,2024-10-11 22:57:22+00:00,11287,SK,,,2.0
Details,,2024-10-02 21:25:25+00:00,10772,SK,,,2.0
Details,,2024-10-02 20:49:19+00:00,10768,SK,,,2.0
Details,,2024-10-18 00:12:59+00:00,11726,SK,,,3.0
Details,,2024-10-17 22:27:58+00:00,11711,SK,,,3.0
Details,,2024-10-08 23:16:26+00:00,11139,SK,,,2.0
Details,,2024-10-15 22:32:12+00:00,11603,SK,,,4.0
Details,,2024-10-16 21:14:28+00:00,11663,SK,,,4.0
Details,,2024-10-13 22:42:24+00:00,3091,SK,,,16.0
Details,,2024-10-15 21:50:29+00:00,3110,SK,,,2.0
Details,,2024-10-12 22:42:50+00:00,11382,SK,,,3.0
Details,,2024-10-08 20:59:17+00:00,2998,SK,,,2.0
Details,,2024-10-11 23:45:57+00:00,3042,SK,,,3.0
Details,,2024-10-02 00:43:37+00:00,2915,SK,,,2.0
Details,,2024-10-11 23:39:07+00:00,11296,SK,,,5.0
Details,,2024-10-12 20:53:14+00:00,3052,SK,,,2.0
Details,,2024-10-02 00:49:02+00:00,2916,SK,,,2.0
Details,,2024-10-10 21:41:59+00:00,3021,SK,,,2.0
Details,,2024-10-03 21:49:25+00:00,2922,SK,,,2.0
Details,,2024-10-15 21:01:27+00:00,11582,SK,,,2.0
Details,,2024-10-12 20:36:05+00:00,3051,SK,,,2.0
Details,,2024-10-05 23:46:43+00:00,10965,SK,,,3.0
Details,,2024-10-06 22:06:13+00:00,2976,SK,,,2.0
Details,,2024-10-15 23:02:12+00:00,3115,SK,,,1.0
Details,,2024-10-10 18:55:01+00:00,3017,SK,,,2.0
Details,,2024-10-08 19:50:51+00:00,2996,SK,,,2.0
Details,,2024-10-05 19:52:21+00:00,2951,SK,,,3.0
Details,,2024-10-05 21:35:22+00:00,2956,SK,,,3.0
Details,,2024-10-03 21:59:02+00:00,2925,SK,,,1.0
Details,,2024-10-17 23:25:23+00:00,3145,SK,,,1.0
Details,,2024-10-13 00:42:33+00:00,11411,SK,,,2.0
Details,,2024-10-11 23:28:13+00:00,11293,SK,,,3.0
Details,,2024-10-01 22:52:27+00:00,2909,SK,,,3.0
Details,,2024-10-18 00:04:57+00:00,3149,SK,,,2.0
Details,,2024-10-01 21:40:13+00:00,2904,SK,,,1.0
Details,,2024-10-16 00:39:56+00:00,3118,SK,,,1.0
Details,,2024-10-10 23:24:38+00:00,11226,SK,,,3.0
Details,,2024-10-14 23:53:09+00:00,11560,TB,,,7.0
Details,,2024-10-11 23:47:20+00:00,11300,TB,,,25.0
Details,,2024-10-02 15:20:13+00:00,10743,TB,,,10.0
Details,,2024-10-14 23:27:21+00:00,11559,TB,,,10.0
Details,,2024-10-13 15:49:56+00:00,11448,TB,,,25.0
Details,,2024-10-15 23:11:51+00:00,11610,TB,,,8.0
Details,,2024-10-17 21:03:42+00:00,3136,TB,,,25.0
Details,,2024-10-12 20:53:15+00:00,11369,SK,,,0.0
Details,,2024-10-13 23:13:30+00:00,11514,UU,,,0.0
Details,,2024-10-12 20:36:07+00:00,11366,SK,,,0.0
Details,,2024-10-13 21:38:55+00:00,11494,TD,,,0.0
Details,,2024-10-05 21:08:39+00:00,10935,SM,,,0.0
Details,,2024-10-09 22:25:16+00:00,11176,TD,,,0.0
Details,,2024-10-05 21:35:24+00:00,10938,SK,,,0.0
Details,,2024-10-17 23:25:24+00:00,11717,SK,,,0.0
Details,,2024-10-03 21:59:03+00:00,10831,SK,,,0.0
Details,,2024-10-13 22:42:25+00:00,11507,SK,,,0.0
Details,,2024-10-18 00:04:58+00:00,11724,SK,,,0.0
Details,,2024-10-15 23:02:14+00:00,11608,SK,,,0.0
Details,,2024-10-12 23:10:07+00:00,11398,MK,,,0.0
Details,,2024-10-14 21:16:42+00:00,11546,SM,,,0.0
Details,,2024-10-07 23:47:17+00:00,11101,MK,,,0.0
Details,,2024-10-06 19:52:20+00:00,11007,UU,,,0.0
Details,,2024-10-03 20:07:56+00:00,10814,MK,,,0.0
Details,,2024-10-06 22:06:15+00:00,11036,SK,,,0.0
Details,,2024-10-10 18:55:02+00:00,11197,SK,,,0.0
Details,,2024-10-12 22:46:37+00:00,11385,MK,,,0.0
Details,,2024-10-03 21:49:27+00:00,10828,SK,,,0.0
Details,,2024-10-06 22:21:06+00:00,11040,MK,,,0.0
Details,,2024-10-17 23:37:36+00:00,11720,MK,,,0.0
Details,,2024-10-09 21:02:22+00:00,11170,MK,,,0.0
Details,,2024-10-05 23:24:13+00:00,10960,SM,,,0.0
Details,,2024-10-15 23:11:52+00:00,3116,TB,,,0.0
Details,,2024-10-05 19:52:22+00:00,10919,SK,,,0.0
Details,,2024-10-15 21:50:30+00:00,11593,SK,,,0.0
Details,,2024-10-06 20:30:15+00:00,11016,MK,,,0.0
Details,,2024-10-04 21:46:23+00:00,10871,TD,,,0.0
Details,,2024-10-12 20:04:31+00:00,11356,UU,,,0.0
Details,,2024-10-05 22:34:42+00:00,2959,SK,,,0.0
Details,,2024-10-13 22:31:28+00:00,3090,MK,,,0.0
Details,,2024-10-13 20:23:02+00:00,3081,TD,,,0.0
Details,,2024-10-12 23:09:19+00:00,3062,MK,,,0.0
Details,,2024-10-15 23:18:00+00:00,3117,SM,,,0.0
Details,,2024-10-15 00:07:09+00:00,3105,MK,,,0.0
Details,,2024-10-10 23:13:10+00:00,3026,SK,,,0.0
Details,,2024-10-17 21:03:43+00:00,11694,TB,,,0.0
Details,,2024-10-08 00:33:27+00:00,11103,MK,,,0.0
Details,,2024-10-10 21:42:00+00:00,11212,SK,,,0.0
Details,,2024-10-07 22:49:14+00:00,2990,SM,,,0.0
Details,,2024-10-07 21:47:37+00:00,2986,TD,,,0.0
Details,,2024-10-13 22:08:10+00:00,3087,TD,,,0.0
Details,,2024-10-17 23:33:27+00:00,3146,SM,,,0.0
Details,,2024-10-15 16:16:16+00:00,3109,SM,,,0.0
Details,,2024-10-12 22:44:28+00:00,3057,TD,,,0.0
Details,,2024-10-06 21:30:05+00:00,2972,SK,,,0.0
Details,,2024-10-03 21:34:04+00:00,2921,MK,,,0.0
Details,,2024-10-17 23:04:48+00:00,3142,SK,,,0.0
Details,,2024-10-07 22:07:33+00:00,2987,MK,,,0.0
Details,,2024-10-06 22:20:46+00:00,2978,MK,,,0.0
Details,,2024-10-05 23:02:46+00:00,2960,SM,,,0.0
Details,,2024-10-07 22:50:30+00:00,2991,TD,,,0.0
Details,,2024-10-14 23:53:11+00:00,3103,TB,,,0.0
Details,,2024-10-12 22:46:29+00:00,3058,MK,,,0.0
Details,,2024-10-17 23:16:39+00:00,3144,MK,,,0.0
Details,,2024-10-17 21:56:12+00:00,3139,SK,,,0.0
Details,,2024-10-03 23:47:23+00:00,2934,MK,,,0.0
Details,,2024-10-04 00:10:16+00:00,2936,MK,,,0.0
Details,,2024-10-04 23:12:58+00:00,2948,TD,,,0.0
Details,,2024-10-03 23:12:55+00:00,2933,SM,,,0.0
Details,,2024-10-13 23:52:57+00:00,3097,MK,,,0.0
Details,,2024-10-17 20:33:02+00:00,3135,MK,,,0.0
Details,,2024-10-03 21:30:22+00:00,2920,SK,,,0.0
Details,,2024-10-15 22:43:45+00:00,3113,TD,,,0.0
Details,,2024-10-04 21:07:25+00:00,2940,TD,,,0.0
Details,,2024-10-05 21:45:08+00:00,2958,SM,,,0.0
Details,,2024-10-04 22:54:30+00:00,2947,TD,,,0.0
Details,,2024-10-17 23:35:48+00:00,3147,SM,,,0.0
Details,,2024-10-06 23:11:59+00:00,2983,SM,,,0.0
Details,,2024-10-03 22:20:11+00:00,2927,MK,,,0.0
Details,,2024-10-05 23:16:11+00:00,2962,SM,,,0.0
Details,,2024-10-12 21:34:47+00:00,3056,SK,,,0.0
Details,,2024-10-18 00:13:00+00:00,3151,SK,,,0.0
Details,,2024-10-10 22:41:25+00:00,3024,SK,,,0.0
Details,,2024-10-06 21:48:32+00:00,2974,SK,,,0.0
Details,,2024-10-03 23:09:07+00:00,2932,MK,,,0.0
Details,,2024-10-06 22:35:38+00:00,2980,SM,,,0.0
Details,,2024-10-03 23:03:08+00:00,2930,MK,,,0.0
Details,,2024-10-17 23:08:02+00:00,3143,MK,,,0.0
Details,,2024-10-09 23:11:12+00:00,3013,MK,,,0.0
Details,,2024-10-04 22:32:40+00:00,2944,TD,,,0.0
Details,,2024-10-06 23:39:24+00:00,2984,SK,,,0.0
Details,,2024-10-13 00:58:30+00:00,3069,SK,,,0.0
Details,,2024-10-13 23:22:45+00:00,3096,TD,,,0.0
Details,,2024-10-13 00:59:17+00:00,3070,SK,,,0.0
Details,,2024-10-18 00:08:50+00:00,3150,MK,,,0.0
Details,,2024-10-17 21:46:46+00:00,3138,MK,,,0.0
Details,,2024-10-10 23:19:16+00:00,3027,SK,,,0.0
Details,,2024-10-06 22:17:50+00:00,2977,MK,,,0.0
Details,,2024-10-05 21:38:09+00:00,2957,TD,,,0.0
Details,,2024-10-04 21:30:19+00:00,2941,TD,,,0.0
Details,,2024-10-10 22:38:13+00:00,3023,SM,,,0.0
Details,,2024-10-13 23:16:55+00:00,3095,SK,,,0.0
Details,,2024-10-13 00:01:52+00:00,3065,MK,,,0.0
Details,,2024-10-10 20:32:57+00:00,3019,SK,,,0.0
Details,,2024-10-15 22:04:49+00:00,3111,SM,,,0.0
Details,,2024-10-05 23:03:14+00:00,2961,SK,,,0.0
Details,,2024-10-06 20:57:40+00:00,2970,MK,,,0.0
Details,,2024-10-04 21:47:05+00:00,2943,SM,,,0.0
Details,,2024-10-13 00:33:12+00:00,3068,MK,,,0.0
Details,,2024-10-12 22:57:37+00:00,3060,SK,,,0.0
Details,,2024-10-13 22:45:15+00:00,11508,UU,,,0.0
Details,,2024-10-15 00:33:13+00:00,3106,SM,,,0.0
Details,,2024-10-09 22:02:59+00:00,3009,TD,,,0.0
Details,,2024-10-03 22:07:54+00:00,2926,SK,,,0.0
Details,,2024-10-03 20:31:33+00:00,2918,MK,,,0.0
Details,,2024-10-13 00:26:27+00:00,3066,MK,,,0.0
Details,,2024-10-13 23:59:47+00:00,3098,MK,,,0.0
Details,,2024-10-10 00:43:35+00:00,3015,TD,,,0.0
Details,,2024-10-18 00:43:44+00:00,3152,MK,,,0.0
Details,,2024-10-07 22:41:05+00:00,2988,MK,,,0.0
Details,,2024-10-13 21:17:39+00:00,3084,MK,,,0.0
Details,,2024-10-05 23:36:46+00:00,2964,SM,,,0.0
Details,,2024-10-10 23:06:47+00:00,3025,SM,,,0.0
Details,,2024-10-12 23:05:13+00:00,3061,MK,,,0.0
Details,,2024-10-06 21:36:10+00:00,2973,SK,,,0.0
Details,,2024-10-03 21:25:33+00:00,2919,SM,,,0.0
Details,,2024-10-04 00:16:51+00:00,2937,SK,,,0.0
Details,,2024-10-06 23:45:47+00:00,2985,SK,,,0.0
Details,,2024-10-05 22:48:38+00:00,10952,Multiple,,,31.0
Details,,2024-10-14 23:27:23+00:00,3102,TB,,,0.0
Details,,2024-10-04 22:42:31+00:00,10887,UU,,,0.0
Details,,2024-10-10 21:03:12+00:00,11208,SM,,,0.0
Details,,2024-10-03 23:49:57+00:00,2935,MK,,,0.0
Details,,2024-10-13 00:27:50+00:00,3067,SK,,,0.0
Details,,2024-10-06 21:58:33+00:00,2975,MK,,,0.0
Details,,2024-10-04 19:50:03+00:00,2939,MK,,,0.0
Details,,2024-10-06 21:15:48+00:00,2971,MK,,,0.0
Details,,2024-10-10 00:19:04+00:00,3014,MK,,,0.0
Details,,2024-10-10 00:53:13+00:00,3016,MK,,,0.0
Details,,2024-10-03 21:50:34+00:00,2923,MK,,,0.0
Details,,2024-10-09 15:58:47+00:00,3005,MK,,,0.0
Details,,2024-10-12 23:16:44+00:00,3064,TD,,,0.0
Details,,2024-10-12 21:20:09+00:00,3054,MK,,,0.0
Details,,2024-10-13 22:59:01+00:00,3093,MK,,,0.0
Details,,2024-10-13 22:04:11+00:00,3086,SK,,,0.0
Details,,2024-10-05 20:30:01+00:00,2953,SK,,,0.0
Details,,2024-10-15 22:07:52+00:00,3112,SK,,,0.0
Details,,2024-10-10 22:12:48+00:00,3022,MK,,,0.0
Details,,2024-10-12 21:34:37+00:00,3055,MK,,,0.0
Details,,2024-10-17 21:03:54+00:00,3137,MK,,,0.0
Details,,2024-10-06 22:43:43+00:00,2981,MK,,,0.0
Details,,2024-10-05 20:16:00+00:00,2952,SK,,,0.0
Details,,2024-10-10 20:27:50+00:00,3018,SK,,,0.0
Details,,2024-10-09 22:31:24+00:00,3011,MK,,,0.0
Details,,2024-10-15 22:44:46+00:00,3114,SM,,,0.0
Details,,2024-10-05 21:03:21+00:00,2954,SK,,,0.0
Details,,2024-10-06 22:47:03+00:00,2982,SK,,,0.0
Details,,2024-10-03 22:54:13+00:00,2928,MK,,,0.0
Details,,2024-10-03 21:53:20+00:00,2924,SK,,,0.0
Details,,2024-10-13 20:54:13+00:00,3082,TD,,,0.0
Details,,2024-10-14 00:07:23+00:00,3099,TD,,,0.0
Details,,2024-10-09 21:51:55+00:00,3008,TD,,,0.0
Details,,2024-10-09 21:18:38+00:00,3007,TD,,,0.0
Details,,2024-10-17 22:43:09+00:00,3140,MK,,,0.0
Details,,2024-10-05 23:56:49+00:00,2965,SK,,,0.0
Details,,2024-10-03 22:59:34+00:00,2929,SK,,,0.0
Details,,2024-10-03 23:49:38+00:00,10848,Multiple,,,1.0
Details,,2024-10-03 23:04:35+00:00,10843,MK,,,0.0
Details,,2024-10-04 22:37:34+00:00,2945,MK,,,0.0
Details,,2024-10-09 22:36:26+00:00,3012,TD,,,0.0
Details,,2024-10-16 00:39:57+00:00,11617,SK,,,0.0
Details,,2024-10-13 22:11:03+00:00,3088,MK,,,0.0
Details,,2024-10-07 22:42:43+00:00,2989,SM,,,0.0
Details,,2024-10-13 21:13:01+00:00,3083,TD,,,0.0
Details,,2024-10-14 22:08:16+00:00,3101,SM,,,0.0
Details,,2024-10-12 21:04:17+00:00,3053,TD,,,0.0
Details,,2024-10-06 19:52:19+00:00,2968,UU,,,2.0
Details,,2024-10-13 22:45:14+00:00,3092,UU,,,1.0
Details,,2024-10-13 23:13:29+00:00,3094,UU,,,1.0
Details,,2024-10-12 20:04:29+00:00,3050,UU,,,1.0
Details,,2024-10-04 22:42:30+00:00,2946,UU,,,2.0
Details,,2024-10-11 23:00:43+00:00,3039,SK,,,2.0
Details,,2024-10-11 21:40:02+00:00,3033,UU,,,1.0
Details,,2024-10-02 00:49:03+00:00,10723,SK,,,0.0
Details,,2024-10-01 22:52:28+00:00,10710,SK,,,0.0
Details,,2024-10-13 14:29:11+00:00,11428,MK,,,4.0
Details,,2024-10-06 15:46:38+00:00,10995,SM,,,0.0
Details,,2024-10-16 14:17:30+00:00,11626,MK,,,0.0
Details,,2024-10-08 19:50:52+00:00,11117,SK,,,0.0
Details,,2024-10-09 00:08:17+00:00,11143,SM,,,0.0
Details,,2024-10-01 21:40:14+00:00,10697,SK,,,0.0
Details,,2024-10-08 20:59:18+00:00,11127,SK,,,0.0
Details,,2024-10-04 14:48:44+00:00,10858,TD,,,0.0
Details,,2024-10-01 23:39:43+00:00,10716,SM,,,0.0
Details,,2024-10-11 23:45:58+00:00,11298,SK,,,0.0
Details,,2024-10-16 20:37:53+00:00,11655,SK,,,0.0
Details,,2024-10-11 23:47:21+00:00,3043,TB,,,0.0
Details,,2024-10-11 21:52:23+00:00,3034,SK,,,0.0
Details,,2024-10-16 22:04:19+00:00,3126,SK,,,0.0
Details,,2024-10-02 00:43:38+00:00,10722,SK,,,0.0
Details,,2024-10-16 17:06:48+00:00,3122,TD,,,0.0
Details,,2024-10-11 23:40:35+00:00,3041,TD,,,0.0
Details,,2024-10-02 00:19:59+00:00,2913,SM,,,0.0
Details,,2024-10-16 23:50:38+00:00,3132,MK,,,0.0
Details,,2024-10-13 15:49:57+00:00,3078,TB,,,0.0
Details,,2024-10-11 22:56:59+00:00,3038,TD,,,0.0
Details,,2024-10-16 23:00:27+00:00,3128,TD,,,0.0
Details,,2024-10-12 14:56:21+00:00,3047,TD,,,0.0
Details,,2024-10-16 20:57:03+00:00,3125,SK,,,0.0
Details,,2024-10-13 13:53:07+00:00,3071,MK,,,0.0
Details,,2024-10-08 20:35:51+00:00,2997,SK,,,0.0
Details,,2024-10-13 22:23:42+00:00,3089,MK,,,0.0
Details,,2024-10-17 15:15:49+00:00,3133,SM,,,0.0
Details,,2024-10-13 15:40:02+00:00,3077,SK,,,0.0
Details,,2024-10-13 15:36:37+00:00,3076,MK,,,0.0
Details,,2024-10-08 22:21:26+00:00,3001,TD,,,0.0
Details,,2024-10-08 21:46:38+00:00,3000,SK,,,0.0
Details,,2024-10-11 21:30:50+00:00,3031,SK,,,0.0
Details,,2024-10-06 15:05:50+00:00,2966,SM,,,0.0
Details,,2024-10-11 21:37:32+00:00,3032,SK,,,0.0
Details,,2024-10-13 15:32:05+00:00,3074,TD,,,0.0
Details,,2024-10-01 22:30:43+00:00,2908,TD,,,0.0
Details,,2024-10-13 15:53:33+00:00,3079,MK,,,0.0
Details,,2024-10-01 21:46:07+00:00,2905,SM,,,0.0
Details,,2024-10-12 13:37:58+00:00,3045,MK,,,0.0
Details,,2024-10-11 23:24:58+00:00,3040,SM,,,0.0
Details,,2024-10-09 01:09:45+00:00,3004,SK,,,0.0
Details,,2024-10-08 15:40:21+00:00,2994,SM,,,0.0
Details,,2024-10-16 23:02:28+00:00,3130,TD,,,0.0
Details,,2024-10-05 15:22:43+00:00,2950,MK,,,0.0
Details,,2024-10-16 23:00:42+00:00,3129,TD,,,0.0
Details,,2024-10-11 22:50:11+00:00,3037,TD,,,0.0
Details,,2024-10-11 21:13:12+00:00,3029,SM,,,0.0
Details,,2024-10-13 15:33:32+00:00,3075,SK,,,0.0
Details,,2024-10-13 14:20:49+00:00,3072,MK,,,0.0
Details,,2024-10-01 20:45:40+00:00,2902,SM,,,0.0
Details,,2024-10-13 14:51:08+00:00,3073,TD,,,0.0
Details,,2024-10-05 15:21:30+00:00,2949,TD,,,0.0
Details,,2024-10-16 23:27:58+00:00,3131,SK,,,0.0
Details,,2024-10-11 23:00:44+00:00,11289,SK,,,0.0
Details,,2024-10-08 21:29:03+00:00,2999,SM,,,0.0
Details,,2024-10-01 22:18:55+00:00,2907,SK,,,0.0
Details,,2024-10-08 23:37:09+00:00,3002,SK,,,0.0
Details,,2024-10-13 15:58:16+00:00,3080,TD,,,0.0
Details,,2024-10-11 22:17:30+00:00,3035,SK,,,0.0
Details,,2024-10-16 15:09:58+00:00,3121,TD,,,0.0
Details,,2024-10-02 00:38:03+00:00,2914,SK,,,0.0
Details,,2024-10-16 14:36:07+00:00,3120,TD,,,0.0
Details,,2024-10-01 21:10:36+00:00,2903,SK,,,0.0
Details,,2024-10-12 16:03:11+00:00,3048,MK,,,0.0
Details,,2024-10-01 22:10:38+00:00,2906,SM,,,0.0
Details,,2024-10-12 14:03:07+00:00,3046,MK,,,0.0
Details,,2024-10-17 15:37:48+00:00,3134,SM,,,0.0
Details,,2024-10-11 20:35:49+00:00,3028,SM,,,0.0
Details,,2024-10-01 23:48:26+00:00,2912,SM,,,0.0
Details,,2024-10-16 22:12:26+00:00,3127,TD,,,0.0
Details,,2024-10-01 23:38:07+00:00,2910,SM,,,0.0
Details,,2024-10-08 15:48:57+00:00,2995,TD,,,0.0
Details,,2024-10-12 16:03:47+00:00,3049,TD,,,0.0
Details,,2024-10-11 21:40:03+00:00,11273,UU,,,0.0
Details,,2024-10-16 20:31:50+00:00,3123,TD,,,0.0
Details,,2024-10-12 00:21:46+00:00,3044,TD,,,0.0
Details,,2024-10-11 21:26:25+00:00,11267,TD,,,0.0
Details,,2024-10-11 22:20:12+00:00,3036,TD,,,0.0
Details,,2024-10-12 22:46:28+00:00,11384,MK,,,4.0
Details,,2024-10-04 22:37:33+00:00,10886,MK,,,8.0
Details,,2024-10-13 00:26:25+00:00,11408,MK,,,3.0
Details,,2024-10-08 00:32:37+00:00,11102,MK,,,2.0
Details,,2024-10-13 22:11:02+00:00,11500,MK,,,5.0
Details,,2024-10-02 21:29:21+00:00,10774,MK,,,5.0
Details,,2024-10-12 21:20:08+00:00,11371,MK,,,4.0
Details,,2024-10-13 22:23:41+00:00,11503,MK,,,4.0
Details,,2024-10-03 22:05:17+00:00,10833,SM,,,6.0
Details,,2024-10-03 21:50:33+00:00,10829,MK,,,4.0
Details,,2024-10-12 23:59:43+00:00,11404,MK,,,4.0
Details,,2024-10-02 21:31:22+00:00,10775,MK,,,7.0
Details,,2024-10-13 23:59:46+00:00,11520,MK,,,3.0
Details,,2024-10-09 21:56:13+00:00,11174,MK,,,2.0
Details,,2024-10-15 00:07:07+00:00,11562,MK,,,25.0
Details,,2024-10-03 23:47:22+00:00,10846,MK,,,4.0
Details,,2024-10-07 22:07:32+00:00,11088,MK,,,2.0
Details,,2024-10-09 23:21:26+00:00,11182,MK,,,2.0
Details,,2024-10-06 22:20:44+00:00,11039,MK,,,10.0
Details,,2024-10-13 15:09:30+00:00,11433,MK,,,5.0
Details,,2024-10-02 22:31:42+00:00,10787,MK,,,12.0
Details,,2024-10-05 13:53:43+00:00,10901,MK,,,4.0
Details,,2024-10-12 21:33:52+00:00,11373,MK,,,2.0
Details,,2024-10-13 15:40:36+00:00,11443,MK,,,20.0
Details,,2024-10-13 00:33:10+00:00,11410,MK,,,2.0
Details,,2024-10-17 23:16:37+00:00,11716,MK,,,4.0
Details,,2024-10-16 23:50:37+00:00,11679,MK,,,20.0
Details,,2024-10-06 12:56:33+00:00,10977,MK,,,2.0
Details,,2024-10-10 00:19:03+00:00,11187,MK,,,2.0
Details,,2024-10-16 23:50:45+00:00,11680,MK,,,20.0
Details,,2024-10-12 22:50:26+00:00,11387,MK,,,4.0
Details,,2024-10-07 20:36:41+00:00,11079,MK,,,1.0
Details,,2024-10-09 22:31:23+00:00,11177,MK,,,2.0
Details,,2024-10-14 00:22:15+00:00,11525,MK,,,3.0
Details,,2024-10-12 15:34:03+00:00,11332,MK,,,4.0
Details,,2024-10-12 15:56:28+00:00,11337,MK,,,3.0
Details,,2024-10-06 22:44:37+00:00,11045,MK,,,2.0
Details,,2024-10-03 15:24:22+00:00,10809,MK,,,8.0
Details,,2024-10-03 22:30:55+00:00,10838,MK,,,3.0
Details,,2024-10-13 14:51:07+00:00,11429,TD,,,4.0
Details,,2024-10-13 13:53:06+00:00,11424,MK,,,7.0
Details,,2024-10-03 20:15:23+00:00,10816,MK,,,5.0
Details,,2024-10-03 21:22:11+00:00,10822,MK,,,3.0
Details,,2024-10-02 15:27:47+00:00,10746,MK,,,2.0
Details,,2024-10-03 13:27:15+00:00,10805,MK,,,2.0
Details,,2024-10-05 15:22:41+00:00,10913,MK,,,8.0
Details,,2024-10-13 00:01:51+00:00,11405,MK,,,10.0
Details,,2024-10-07 22:41:04+00:00,11090,MK,,,5.0
Details,,2024-10-12 15:22:46+00:00,11329,MK,,,11.0
Details,,2024-10-06 14:11:24+00:00,10985,MK,,,2.0
Details,,2024-10-11 13:38:46+00:00,11233,MK,,,4.0
Details,,2024-10-06 19:52:36+00:00,11008,MK,,,2.0
Details,,2024-10-04 22:09:26+00:00,10878,MK,,,6.0
Details,,2024-10-06 20:13:21+00:00,11012,MK,,,2.0
Details,,2024-10-13 22:31:27+00:00,11504,MK,,,6.0
Details,,2024-10-04 23:04:54+00:00,10892,MK,,,7.0
Details,,2024-10-06 21:58:31+00:00,11034,MK,,,3.0
Details,,2024-10-03 21:34:03+00:00,10827,MK,,,8.0
Details,,2024-10-02 15:23:06+00:00,10745,MK,,,5.0
Details,,2024-10-13 22:59:00+00:00,11511,MK,,,2.0
Details,,2024-10-09 23:11:10+00:00,11181,MK,,,20.0
Details,,2024-10-03 23:09:06+00:00,10844,MK,,,5.0
Details,,2024-10-12 14:12:08+00:00,11318,MK,,,3.0
Details,,2024-10-13 21:31:53+00:00,11491,MK,,,6.0
Details,,2024-10-04 00:10:14+00:00,10850,MK,,,8.0
Details,,2024-10-06 15:31:24+00:00,10993,MK,,,6.0
Details,,2024-10-13 22:54:14+00:00,11509,MK,,,3.0
Details,,2024-10-03 14:52:56+00:00,10807,MK,,,12.0
Details,,2024-10-03 21:33:24+00:00,10826,MK,,,2.0
Details,,2024-10-12 15:12:06+00:00,11327,MK,,,2.0
Details,,2024-10-07 23:04:37+00:00,11095,MK,,,8.0
Details,,2024-10-13 23:52:56+00:00,11519,MK,,,12.0
Details,,2024-10-17 22:19:21+00:00,11708,MK,,,1.0
Details,,2024-10-03 23:49:56+00:00,10849,MK,,,6.0
Details,,2024-10-12 23:05:12+00:00,11395,MK,,,3.0
Details,,2024-10-13 15:36:36+00:00,11441,MK,,,5.0
Details,,2024-10-13 21:22:18+00:00,11489,MK,,,3.0
Details,,2024-10-06 14:48:16+00:00,10989,MK,,,1.0
Details,,2024-10-02 22:21:29+00:00,10784,MK,,,6.0
Details,,2024-10-18 00:43:43+00:00,11728,MK,,,3.0
Details,,2024-10-06 21:14:40+00:00,11024,MK,,,6.0
Details,,2024-10-06 20:03:45+00:00,11010,MK,,,3.0
Details,,2024-10-02 22:53:23+00:00,10793,MK,,,5.0
Details,,2024-10-02 15:04:56+00:00,10740,MK,,,7.0
Details,,2024-10-12 16:03:10+00:00,11339,MK,,,2.0
Details,,2024-10-17 20:33:01+00:00,11693,MK,,,2.0
Details,,2024-10-06 14:48:01+00:00,10988,MK,,,3.0
Details,,2024-10-04 15:56:05+00:00,10860,MK,,,2.0
Details,,2024-10-10 14:49:04+00:00,11194,MK,,,2.0
Details,,2024-10-03 20:31:32+00:00,10817,MK,,,2.0
Details,,2024-10-06 20:57:39+00:00,11021,MK,,,3.0
Details,,2024-10-09 15:58:43+00:00,11162,MK,,,3.0
Details,,2024-10-09 14:32:14+00:00,11155,MK,,,4.0
Details,,2024-10-14 00:20:09+00:00,11523,MK,,,3.0
Details,,2024-10-17 23:53:16+00:00,11722,MK,,,1.0
Details,,2024-10-06 20:15:49+00:00,11013,MK,,,4.0
Details,,2024-10-12 13:20:54+00:00,11312,MK,,,8.0
Details,,2024-10-10 00:04:13+00:00,11186,MK,,,3.0
Details,,2024-10-03 22:20:10+00:00,10836,MK,,,2.0
Details,,2024-10-17 22:43:08+00:00,11712,MK,,,2.0
Details,,2024-10-13 15:53:32+00:00,11449,MK,,,2.0
Details,,2024-10-12 15:55:02+00:00,11336,MK,,,2.0
Details,,2024-10-06 21:17:17+00:00,11026,MK,,,3.0
Details,,2024-10-09 15:04:45+00:00,11159,MK,,,3.0
Details,,2024-10-13 15:24:02+00:00,11434,MK,,,4.0
Details,,2024-10-03 23:03:07+00:00,10842,MK,,,2.0
Details,,2024-10-17 21:46:45+00:00,11706,MK,,,3.0
Details,,2024-10-07 21:30:21+00:00,11083,MK,,,3.0
Details,,2024-10-12 23:04:18+00:00,11393,MK,,,2.0
Details,,2024-10-12 14:12:15+00:00,11319,MK,,,8.0
Details,,2024-10-05 14:02:21+00:00,10903,MK,,,2.0
Details,,2024-10-07 21:25:00+00:00,11082,MK,,,4.0
Details,,2024-10-12 13:37:57+00:00,11314,MK,,,4.0
Details,,2024-10-13 22:40:34+00:00,11506,MK,,,2.0
Details,,2024-10-17 21:34:13+00:00,11703,MK,,,3.0
Details,,2024-10-13 13:40:07+00:00,11423,MK,,,2.0
Details,,2024-10-02 14:42:28+00:00,10734,MK,,,4.0
Details,,2024-10-17 21:07:33+00:00,11700,MK,,,2.0
Details,,2024-10-06 21:28:38+00:00,11027,MK,,,3.0
Details,,2024-10-12 21:34:36+00:00,11374,MK,,,8.0
Details,,2024-10-02 15:39:28+00:00,10748,MK,,,6.0
Details,,2024-10-13 21:07:14+00:00,11484,MK,,,2.0
Details,,2024-10-17 21:41:04+00:00,11705,MK,,,2.0
Details,,2024-10-03 22:54:12+00:00,10839,MK,,,3.0
Details,,2024-10-17 21:03:53+00:00,11695,MK,,,3.0
Details,,2024-10-04 19:50:02+00:00,10863,MK,,,2.0
Details,,2024-10-02 14:58:36+00:00,10738,MK,,,3.0
Details,,2024-10-09 22:40:19+00:00,11179,MK,,,5.0
Details,,2024-10-12 15:30:56+00:00,11331,MK,,,2.0
Details,,2024-10-12 14:03:06+00:00,11317,MK,,,3.0
Details,,2024-10-16 16:01:58+00:00,11635,MK,,,2.0
Details,,2024-10-06 22:44:24+00:00,11044,MK,,,3.0
Details,,2024-10-13 00:18:37+00:00,11407,MK,,,2.0
Details,,2024-10-09 15:37:27+00:00,11161,MK,,,2.0
Details,,2024-10-17 22:59:20+00:00,11713,MK,,,6.0
Details,,2024-10-16 15:14:59+00:00,11632,MK,,,8.0
Details,,2024-10-12 23:09:18+00:00,11397,MK,,,5.0
Details,,2024-10-17 14:36:51+00:00,11684,MK,,,2.0
Details,,2024-10-07 21:18:38+00:00,11081,MK,,,2.0
Details,,2024-10-12 22:11:23+00:00,11380,MK,,,3.0
Details,,2024-10-06 21:58:00+00:00,11033,MK,,,2.0
Details,,2024-10-10 00:53:12+00:00,11190,MK,,,5.0
Details,,2024-10-12 21:58:27+00:00,11376,MK,,,3.0
Details,,2024-10-14 00:03:23+00:00,11521,MK,,,9.0
Details,,2024-10-06 21:15:46+00:00,11025,MK,,,4.0
Details,,2024-10-06 22:43:42+00:00,11043,MK,,,6.0
Details,,2024-10-06 15:31:30+00:00,10994,MK,,,8.0
Details,,2024-10-18 00:08:48+00:00,11725,MK,,,3.0
Details,,2024-10-05 14:34:58+00:00,10908,MK,,,4.0
Details,,2024-10-06 22:17:48+00:00,11038,MK,,,3.0
Details,,2024-10-06 22:28:28+00:00,11041,MK,,,2.0
Details,,2024-10-04 22:30:05+00:00,10882,MK,,,4.0
Details,,2024-10-13 14:20:48+00:00,11426,MK,,,2.0
Details,,2024-10-04 22:33:38+00:00,10885,MK,,,4.0
Details,,2024-10-06 23:56:03+00:00,11054,MK,,,4.0
Details,,2024-10-02 15:16:36+00:00,10741,MK,,,2.0
Details,,2024-10-10 22:12:46+00:00,11214,MK,,,16.0
Details,,2024-10-02 15:42:36+00:00,10749,MK,,,2.0
Details,,2024-10-02 20:32:42+00:00,10762,MK,,,6.0
Details,,2024-10-14 01:00:34+00:00,11527,MK,,,6.0
Details,,2024-10-06 15:28:21+00:00,10992,MK,,,4.0
Details,,2024-10-09 15:58:46+00:00,11163,MK,,,2.0
Details,,2024-10-17 23:08:01+00:00,11715,MK,,,3.0
Details,,2024-10-13 15:25:52+00:00,11436,MK,,,2.0
Details,,2024-10-13 21:17:37+00:00,11487,MK,,,7.0
Details,,2024-10-12 22:46:36+00:00,3059,MK,,,2.0
Details,,2024-10-16 15:10:01+00:00,11631,MK,,,2.0
Details,,2024-10-12 20:49:09+00:00,11367,MK,,,6.0
Details,,2024-10-14 00:56:32+00:00,11526,MK,,,2.0
Details,,2024-10-17 23:37:35+00:00,3148,MK,,,3.0
Details,,2024-10-12 23:10:06+00:00,3063,MK,,,4.0
Details,,2024-10-06 20:30:14+00:00,2969,MK,,,2.0
Details,,2024-10-17 22:19:26+00:00,11709,MK,,,1.0
Details,,2024-10-03 22:18:48+00:00,10835,MK,,,2.0
Details,,2024-10-12 20:21:29+00:00,11364,MK,,,4.0
Details,,2024-10-03 23:04:33+00:00,2931,MK,,,2.0
Details,,2024-10-12 20:12:44+00:00,11360,MK,,,2.0
Details,,2024-10-12 14:28:28+00:00,11323,MK,,,3.0
Details,,2024-10-06 23:45:35+00:00,11051,MK,,,2.0
Details,,2024-10-13 22:55:00+00:00,11510,MK,,,4.0
Details,,2024-10-08 00:33:26+00:00,2993,MK,,,1.0
Details,,2024-10-09 21:02:21+00:00,3006,MK,,,1.0
Details,,2024-10-03 20:07:55+00:00,2917,MK,,,3.0
Details,,2024-10-06 22:21:05+00:00,2979,MK,,,4.0
Details,,2024-10-16 14:17:29+00:00,3119,MK,,,2.0
Details,,2024-10-03 23:00:11+00:00,10841,MK,,,2.0
Details,,2024-10-15 00:07:01+00:00,3104,MK,,,25.0
Details,,2024-10-07 23:47:15+00:00,2992,MK,,,4.0
Details,,2024-10-06 23:00:12+00:00,11048,MK,,,1.0
Details,,2024-10-05 14:32:46+00:00,10906,SM,,,2.0
Details,,2024-10-08 23:46:54+00:00,11142,SM,,,3.0
Details,,2024-10-08 21:29:02+00:00,11130,SM,,,2.0
Details,,2024-10-04 14:27:04+00:00,10855,SM,,,3.0
Details,,2024-10-17 23:35:47+00:00,11719,SM,,,3.0
Details,,2024-10-06 14:55:01+00:00,10990,SM,,,2.0
Details,,2024-10-05 23:02:45+00:00,10954,SM,,,2.0
Details,,2024-10-17 15:37:47+00:00,11688,SM,,,3.0
Details,,2024-10-15 22:44:45+00:00,11605,SM,,,3.0
Details,,2024-10-11 14:58:23+00:00,11243,SM,,,3.0
Details,,2024-10-14 22:37:41+00:00,11556,SM,,,4.0
Details,,2024-10-10 16:10:20+00:00,11196,SM,,,2.0
Details,,2024-10-06 22:35:36+00:00,11042,SM,,,6.0
Details,,2024-10-01 14:14:22+00:00,10677,SM,,,2.0
Details,,2024-10-01 22:22:22+00:00,10704,SM,,,3.0
Details,,2024-10-07 22:49:13+00:00,11092,SM,,,4.0
Details,,2024-10-07 20:14:10+00:00,11076,SM,,,2.0
Details,,2024-10-10 15:18:30+00:00,11195,SM,,,2.0
Details,,2024-10-11 21:07:46+00:00,11262,SM,,,6.0
Details,,2024-10-15 21:18:16+00:00,11588,SM,,,8.0
Details,,2024-10-14 21:24:36+00:00,11547,SM,,,3.0
Details,,2024-10-04 23:10:33+00:00,10893,SM,,,2.0
Details,,2024-10-06 14:34:01+00:00,10987,SM,,,5.0
Details,,2024-10-05 21:57:28+00:00,10943,SM,,,5.0
Details,,2024-10-06 23:11:57+00:00,11049,SM,,,18.0
Details,,2024-10-10 22:44:15+00:00,11219,SM,,,10.0
Details,,2024-10-15 23:17:58+00:00,11612,SM,,,15.0
Details,,2024-10-01 22:23:34+00:00,10705,SM,,,2.0
Details,,2024-10-07 20:17:59+00:00,11078,SM,,,2.0
Details,,2024-10-15 16:16:15+00:00,11571,SM,,,5.0
Details,,2024-10-11 15:35:44+00:00,11248,SM,,,4.0
Details,,2024-10-04 21:50:35+00:00,10874,SM,,,4.0
Details,,2024-10-08 21:06:40+00:00,11128,SM,,,2.0
Details,,2024-10-02 00:19:58+00:00,10718,SM,,,3.0
Details,,2024-10-14 15:46:36+00:00,11536,SM,,,2.0
Details,,2024-10-01 21:01:39+00:00,10695,SM,,,2.0
Details,,2024-10-05 15:53:57+00:00,10916,SM,,,4.0
Details,,2024-10-05 21:02:07+00:00,10931,SM,,,2.0
Details,,2024-10-02 00:30:16+00:00,10719,SM,,,2.0
Details,,2024-10-01 15:44:37+00:00,10681,SM,,,2.0
Details,,2024-10-01 23:38:05+00:00,10715,SM,,,4.0
Details,,2024-10-15 15:11:10+00:00,11565,SM,,,5.0
Details,,2024-10-04 22:33:14+00:00,10884,SM,,,2.0
Details,,2024-10-03 21:25:31+00:00,10823,SM,,,6.0
Details,,2024-10-07 13:45:28+00:00,11061,SM,,,2.0
Details,,2024-10-05 20:49:16+00:00,10928,SM,,,2.0
Details,,2024-10-17 23:33:25+00:00,11718,SM,,,6.0
Details,,2024-10-17 15:15:47+00:00,11685,SM,,,3.0
Details,,2024-10-04 22:19:11+00:00,10879,SM,,,5.0
Details,,2024-10-10 21:34:43+00:00,11210,SM,,,3.0
Details,,2024-10-05 21:45:07+00:00,10941,SM,,,2.0
Details,,2024-10-15 20:46:44+00:00,11578,SM,,,2.0
Details,,2024-10-08 20:16:39+00:00,11120,SM,,,4.0
Details,,2024-10-10 20:34:20+00:00,11207,SM,,,2.0
Details,,2024-10-14 22:03:45+00:00,11553,SM,,,3.0
Details,,2024-10-12 15:39:03+00:00,11334,SM,,,17.0
Details,,2024-10-14 14:34:06+00:00,11530,SM,,,6.0
Details,,2024-10-04 22:43:44+00:00,10889,SM,,,2.0
Details,,2024-10-14 22:08:14+00:00,11555,SM,,,2.0
Details,,2024-10-14 15:23:31+00:00,11535,SM,,,4.0
Details,,2024-10-05 20:53:34+00:00,10929,SM,,,2.0
Details,,2024-10-04 22:43:38+00:00,10888,SM,,,3.0
Details,,2024-10-11 23:55:43+00:00,11301,SM,,,12.0
Details,,2024-10-14 14:51:07+00:00,11531,SM,,,10.0
Details,,2024-10-11 21:13:10+00:00,11263,SM,,,7.0
Details,,2024-10-01 19:54:49+00:00,10684,SM,,,2.0
Details,,2024-10-03 21:32:04+00:00,10825,SM,,,5.0
Details,,2024-10-15 22:04:48+00:00,11595,SM,,,5.0
Details,,2024-10-11 21:23:33+00:00,11266,SM,,,5.0
Details,,2024-10-03 23:12:54+00:00,10845,SM,,,5.0
Details,,2024-10-05 23:04:13+00:00,10956,SM,,,3.0
Details,,2024-10-01 22:31:18+00:00,10708,SM,,,8.0
Details,,2024-10-03 14:59:22+00:00,10808,SM,,,2.0
Details,,2024-10-07 15:55:36+00:00,11064,SM,,,3.0
Details,,2024-10-08 22:37:06+00:00,11135,SM,,,2.0
Details,,2024-10-04 21:14:56+00:00,10869,SM,,,4.0
Details,,2024-10-08 15:40:20+00:00,11110,SM,,,2.0
Details,,2024-10-12 01:06:06+00:00,11308,SM,,,2.0
Details,,2024-10-05 14:34:11+00:00,10907,SM,,,8.0
Details,,2024-10-05 22:28:32+00:00,10949,SM,,,9.0
Details,,2024-10-11 14:52:17+00:00,11241,SM,,,3.0
Details,,2024-10-10 23:06:46+00:00,11223,SM,,,3.0
Details,,2024-10-08 19:54:32+00:00,11118,SM,,,2.0
Details,,2024-10-05 14:05:48+00:00,10904,SM,,,2.0
Details,,2024-10-10 22:17:23+00:00,11215,SM,,,5.0
Details,,2024-10-08 20:52:03+00:00,11126,SM,,,2.0
Details,,2024-10-15 00:33:12+00:00,11563,SM,,,4.0
Details,,2024-10-05 15:41:49+00:00,10914,SM,,,4.0
Details,,2024-10-08 22:53:09+00:00,11137,SM,,,2.0
Details,,2024-10-04 21:48:46+00:00,10873,SM,,,4.0
Details,,2024-10-14 23:22:15+00:00,11558,SM,,,2.0
Details,,2024-10-17 15:28:15+00:00,11687,SM,,,2.0
Details,,2024-10-01 22:10:37+00:00,10701,SM,,,6.0
Details,,2024-10-15 15:24:45+00:00,11568,SM,,,2.0
Details,,2024-10-04 22:23:22+00:00,10881,SM,,,9.0
Details,,2024-10-05 19:45:00+00:00,10918,SM,,,2.0
Details,,2024-10-11 20:35:47+00:00,11257,SM,,,3.0
Details,,2024-10-15 22:59:57+00:00,11607,SM,,,2.0
Details,,2024-10-05 23:28:28+00:00,10961,SM,,,4.0
Details,,2024-10-04 21:47:03+00:00,10872,SM,,,2.0
Details,,2024-10-11 14:57:42+00:00,11242,SM,,,2.0
Details,,2024-10-11 21:55:26+00:00,11276,SM,,,4.0
Details,,2024-10-11 14:42:24+00:00,11236,SM,,,2.0
Details,,2024-10-10 22:38:11+00:00,11216,SM,,,10.0
Details,,2024-10-01 21:46:06+00:00,10698,SM,,,3.0
Details,,2024-10-05 23:16:09+00:00,10958,SM,,,14.0
Details,,2024-10-01 23:48:25+00:00,10717,SM,,,4.0
Details,,2024-10-01 14:37:36+00:00,10678,SM,,,3.0
Details,,2024-10-15 21:22:01+00:00,11590,SM,,,2.0
Details,,2024-10-15 22:13:33+00:00,11598,SM,,,2.0
Details,,2024-10-07 22:42:42+00:00,11091,SM,,,4.0
Details,,2024-10-08 15:47:34+00:00,11111,SM,,,3.0
Details,,2024-10-07 22:29:49+00:00,11089,SM,,,4.0
Details,,2024-10-08 21:13:17+00:00,11129,SM,,,8.0
Details,,2024-10-12 13:46:20+00:00,11316,SM,,,5.0
Details,,2024-10-14 14:53:16+00:00,11532,SM,,,2.0
Details,,2024-10-07 16:03:34+00:00,11066,SM,,,6.0
Details,,2024-10-04 14:59:00+00:00,10859,SM,,,6.0
Details,,2024-10-05 21:08:09+00:00,10934,SM,,,4.0
Details,,2024-10-14 21:48:32+00:00,11551,SM,,,6.0
Details,,2024-10-08 15:03:54+00:00,11106,SM,,,7.0
Details,,2024-10-05 22:19:53+00:00,10947,SM,,,2.0
Details,,2024-10-15 21:03:37+00:00,11583,SM,,,4.0
Details,,2024-10-15 21:17:56+00:00,11587,SM,,,2.0
Details,,2024-10-14 22:07:54+00:00,11554,SM,,,4.0
Details,,2024-10-05 15:12:49+00:00,10911,SM,,,2.0
Details,,2024-10-15 16:01:29+00:00,3108,SM,,,2.0
Details,,2024-10-11 15:57:07+00:00,11249,SM,,,5.0
Details,,2024-10-14 16:01:25+00:00,11537,SM,,,2.0
Details,,2024-10-14 15:13:47+00:00,11534,SM,,,1.0
Details,,2024-10-08 16:25:51+00:00,11113,SM,,,3.0
Details,,2024-10-07 16:03:07+00:00,11065,SM,,,3.0
Details,,2024-10-10 22:49:41+00:00,11220,SM,,,3.0
Details,,2024-10-15 23:14:36+00:00,11611,SM,,,1.0
Details,,2024-10-11 23:24:57+00:00,11291,SM,,,7.0
Details,,2024-10-15 14:52:20+00:00,11564,SM,,,2.0
Details,,2024-10-17 15:27:26+00:00,11686,SM,,,2.0
Details,,2024-10-01 15:39:35+00:00,10680,SM,,,3.0
Details,,2024-10-01 22:01:47+00:00,10699,SM,,,2.0
Details,,2024-10-14 21:16:41+00:00,3100,SM,,,2.0
Details,,2024-10-05 23:36:44+00:00,10962,SM,,,1.0
Details,,2024-10-09 00:08:16+00:00,3003,SM,,,6.0
Details,,2024-10-05 21:08:38+00:00,2955,SM,,,2.0
Details,,2024-10-01 20:45:39+00:00,10691,SM,,,2.0
Details,,2024-10-06 15:46:36+00:00,2967,SM,,,2.0
Details,,2024-10-01 20:48:31+00:00,10692,SM,,,3.0
Details,,2024-10-05 23:24:11+00:00,2963,SM,,,1.0
Details,,2024-10-07 20:17:54+00:00,11077,SM,,,1.0
Details,,2024-10-10 21:03:11+00:00,3020,SM,,,2.0
Details,,2024-10-01 23:39:42+00:00,2911,SM,,,2.0
Details,,2024-10-13 23:40:34+00:00,11518,MK,,,4.0
Details,,2024-10-16 17:28:36+00:00,11638,SS,,,3.0
Details,,2024-10-16 17:15:31+00:00,11637,SS,,,3.0
Details,,2024-10-13 23:09:22+00:00,11513,MK,,,4.0
Details,,2024-10-13 21:36:06+00:00,11493,TD,,,4.0
Details,,2024-10-04 23:12:56+00:00,10894,TD,,,4.0
Details,,2024-10-05 00:06:24+00:00,10898,TD,,,10.0
Details,,2024-10-07 12:56:23+00:00,11057,TD,,,2.0
Details,,2024-10-11 21:02:38+00:00,11260,TD,,,3.0
Details,,2024-10-04 21:07:23+00:00,10868,TD,,,2.0
Details,,2024-10-12 15:28:30+00:00,11330,TD,,,8.0
Details,,2024-10-12 15:35:08+00:00,11333,TD,,,2.0
Details,,2024-10-13 14:16:51+00:00,11425,TD,,,7.0
Details,,2024-10-07 23:05:10+00:00,11097,TD,,,1.0
Details,,2024-10-11 21:42:52+00:00,11274,TD,,,4.0
Details,,2024-10-09 13:56:52+00:00,11152,TD,,,2.0
Details,,2024-10-16 20:31:49+00:00,11654,TD,,,2.0
Details,,2024-10-01 13:46:37+00:00,10676,TD,,,2.0
Details,,2024-10-16 23:13:44+00:00,11676,TD,,,2.0
Details,,2024-10-11 14:50:59+00:00,11240,TD,,,2.0
Details,,2024-10-09 21:18:36+00:00,11171,TD,,,4.0
Details,,2024-10-16 23:00:26+00:00,11672,TD,,,3.0
Details,,2024-10-12 14:38:15+00:00,11324,TD,,,2.0
Details,,2024-10-11 22:52:33+00:00,11285,TD,,,8.0
Details,,2024-10-13 20:23:00+00:00,11472,TD,,,6.0
Details,,2024-10-10 00:43:34+00:00,11189,TD,,,2.0
Details,,2024-10-09 22:36:25+00:00,11178,TD,,,8.0
Details,,2024-10-02 15:20:21+00:00,10744,TD,,,6.0
Details,,2024-10-08 22:21:24+00:00,11133,TD,,,18.0
Details,,2024-10-02 20:46:39+00:00,10767,TD,,,3.0
Details,,2024-10-02 22:43:04+00:00,10791,TD,,,6.0
Details,,2024-10-15 22:28:24+00:00,11601,TD,,,5.0
Details,,2024-10-07 22:50:28+00:00,11093,TD,,,4.0
Details,,2024-10-14 14:58:45+00:00,11533,TD,,,1.0
Details,,2024-10-13 15:35:54+00:00,11440,TD,,,3.0
Details,,2024-10-16 15:43:57+00:00,11634,TD,,,2.0
Details,,2024-10-02 22:25:09+00:00,10785,TD,,,5.0
Details,,2024-10-04 22:54:28+00:00,10890,TD,,,12.0
Details,,2024-10-13 15:58:14+00:00,11451,TD,,,6.0
Details,,2024-10-13 14:28:52+00:00,11427,TD,,,2.0
Details,,2024-10-09 13:16:22+00:00,11147,TD,,,4.0
Details,,2024-10-16 13:28:20+00:00,11624,TD,,,5.0
Details,,2024-10-04 20:18:45+00:00,10865,TD,,,1.0
Details,,2024-10-07 21:47:36+00:00,11087,TD,,,7.0
Details,,2024-10-08 15:38:27+00:00,11108,TD,,,3.0
Details,,2024-10-12 16:03:46+00:00,11340,TD,,,3.0
Details,,2024-10-05 22:41:20+00:00,10951,TD,,,6.0
Details,,2024-10-13 22:14:40+00:00,11501,TD,,,8.0
Details,,2024-10-04 14:38:47+00:00,10857,TD,,,7.0
Details,,2024-10-16 23:00:40+00:00,11673,TD,,,4.0
Details,,2024-10-16 13:19:06+00:00,11623,TD,,,3.0
Details,,2024-10-16 23:02:27+00:00,11675,TD,,,7.0
Details,,2024-10-13 22:08:08+00:00,11499,TD,,,4.0
Details,,2024-10-12 23:16:43+00:00,11400,TD,,,4.0
Details,,2024-10-12 22:59:58+00:00,11391,TD,,,11.0
Details,,2024-10-02 20:46:35+00:00,10766,TD,,,3.0
Details,,2024-10-13 15:56:55+00:00,11450,TD,,,6.0
Details,,2024-10-02 14:25:01+00:00,10731,TD,,,4.0
Details,,2024-10-16 21:08:14+00:00,11662,TD,,,4.0
Details,,2024-10-11 15:05:44+00:00,11245,TD,,,3.0
Details,,2024-10-04 21:30:18+00:00,10870,TD,,,4.0
Details,,2024-10-01 14:51:31+00:00,10679,TD,,,3.0
Details,,2024-10-04 22:01:20+00:00,10877,TD,,,2.0
Details,,2024-10-11 22:37:44+00:00,11283,TD,,,6.0
Details,,2024-10-04 23:58:18+00:00,10897,TD,,,10.0
Details,,2024-10-16 17:06:46+00:00,11636,TD,,,15.0
Details,,2024-10-15 22:08:28+00:00,11597,TD,,,6.0
Details,,2024-10-13 21:53:29+00:00,11495,TD,,,4.0
Details,,2024-10-05 15:21:29+00:00,10912,TD,,,3.0
Details,,2024-10-11 13:49:56+00:00,11234,TD,,,1.0
Details,,2024-10-13 20:54:12+00:00,11480,TD,,,4.0
Details,,2024-10-03 00:06:05+00:00,10800,TD,,,5.0
Details,,2024-10-16 13:16:00+00:00,11622,TD,,,3.0
Details,,2024-10-05 15:53:40+00:00,10915,TD,,,4.0
Details,,2024-10-02 23:22:48+00:00,10795,TD,,,7.0
Details,,2024-10-02 14:57:08+00:00,10736,TD,,,3.0
Details,,2024-10-12 22:50:14+00:00,11386,TD,,,4.0
Details,,2024-10-02 15:19:02+00:00,10742,TD,,,3.0
Details,,2024-10-12 00:21:34+00:00,11305,TD,,,2.0
Details,,2024-10-12 14:52:06+00:00,11325,TD,,,12.0
Details,,2024-10-07 15:12:03+00:00,11063,TD,,,3.0
Details,,2024-10-12 22:44:27+00:00,11383,TD,,,5.0
Details,,2024-10-12 21:04:16+00:00,11370,TD,,,7.0
Details,,2024-10-02 21:46:23+00:00,10781,TD,,,2.0
Details,,2024-10-09 14:23:19+00:00,11154,TD,,,2.0
Details,,2024-10-02 21:51:50+00:00,10782,TD,,,3.0
Details,,2024-10-02 23:13:25+00:00,10794,TD,,,2.0
Details,,2024-10-05 21:38:08+00:00,10940,TD,,,6.0
Details,,2024-10-13 20:43:54+00:00,11476,TD,,,4.0
Details,,2024-10-11 14:42:44+00:00,11237,TD,,,2.0
Details,,2024-10-13 22:03:39+00:00,11497,TD,,,4.0
Details,,2024-10-11 22:56:58+00:00,11286,TD,,,2.0
Details,,2024-10-13 23:03:31+00:00,11512,TD,,,2.0
Details,,2024-10-13 21:13:00+00:00,11485,TD,,,4.0
Details,,2024-10-11 23:40:33+00:00,11297,TD,,,9.0
Details,,2024-10-06 12:41:15+00:00,10974,TD,,,2.0
Details,,2024-10-08 15:48:56+00:00,11112,TD,,,2.0
Details,,2024-10-12 16:00:47+00:00,11338,TD,,,2.0
Details,,2024-10-06 15:05:49+00:00,10991,SM,,,12.0
Details,,2024-10-11 15:29:26+00:00,11246,TD,,,3.0
Details,,2024-10-16 14:36:06+00:00,11628,TD,,,2.0
Details,,2024-10-13 21:14:35+00:00,11486,TD,,,3.0
Details,,2024-10-04 23:03:05+00:00,10891,TD,,,3.0
Details,,2024-10-13 14:58:35+00:00,11430,TD,,,8.0
Details,,2024-10-13 14:59:52+00:00,11432,TD,,,4.0
Details,,2024-10-05 22:13:04+00:00,10945,TD,,,5.0
Details,,2024-10-04 13:40:57+00:00,10853,TD,,,4.0
Details,,2024-10-15 15:25:33+00:00,11569,TD,,,2.0
Details,,2024-10-15 22:43:44+00:00,11604,TD,,,5.0
Details,,2024-10-02 22:26:29+00:00,10786,TD,,,4.0
Details,,2024-10-16 22:09:25+00:00,11666,TD,,,2.0
Details,,2024-10-02 20:40:33+00:00,10764,TD,,,2.0
Details,,2024-10-16 15:37:05+00:00,11633,TD,,,6.0
Details,,2024-10-06 13:57:26+00:00,10983,TD,,,6.0
Details,,2024-10-03 00:22:27+00:00,10802,TD,,,2.0
Details,,2024-10-11 22:20:10+00:00,11281,TD,,,4.0
Details,,2024-10-10 00:28:53+00:00,11188,TD,,,8.0
Details,,2024-10-16 20:46:42+00:00,11658,TD,,,2.0
Details,,2024-10-02 21:46:19+00:00,10780,TD,,,2.0
Details,,2024-10-14 22:54:23+00:00,11557,TD,,,5.0
Details,,2024-10-02 14:48:09+00:00,10735,TD,,,4.0
Details,,2024-10-07 21:41:14+00:00,11086,TD,,,5.0
Details,,2024-10-14 00:21:49+00:00,11524,TD,,,4.0
Details,,2024-10-11 15:30:33+00:00,11247,TD,,,5.0
Details,,2024-10-16 21:03:50+00:00,11661,TD,,,6.0
Details,,2024-10-05 22:14:03+00:00,10946,TD,,,6.0
Details,,2024-10-07 23:05:05+00:00,11096,TD,,,4.0
Details,,2024-10-02 14:58:31+00:00,10737,TD,,,5.0
Details,,2024-10-08 15:39:26+00:00,11109,TD,,,3.0
Details,,2024-10-01 22:30:41+00:00,10707,TD,,,12.0
Details,,2024-10-04 22:32:39+00:00,10883,TD,,,2.0
Details,,2024-10-02 15:00:36+00:00,10739,TD,,,3.0
Details,,2024-10-08 15:13:28+00:00,11107,TD,,,2.0
Details,,2024-10-09 13:26:48+00:00,11148,TD,,,2.0
Details,,2024-10-03 00:01:15+00:00,10799,TD,,,3.0
Details,,2024-10-09 22:57:24+00:00,11180,TD,,,5.0
Details,,2024-10-09 23:49:50+00:00,11184,TD,,,6.0
Details,,2024-10-12 23:56:13+00:00,11402,TD,,,5.0
Details,,2024-10-09 22:02:57+00:00,11175,TD,,,3.0
Details,,2024-10-02 13:47:08+00:00,10729,TD,,,3.0
Details,,2024-10-12 15:13:26+00:00,11328,TD,,,2.0
Details,,2024-10-14 21:40:25+00:00,11549,TD,,,3.0
Details,,2024-10-04 14:25:41+00:00,10854,TD,,,4.0
Details,,2024-10-06 16:05:11+00:00,10996,TD,,,10.0
Details,,2024-10-12 00:21:44+00:00,11306,TD,,,4.0
Details,,2024-10-09 21:41:48+00:00,11172,TD,,,3.0
Details,,2024-10-04 14:28:40+00:00,10856,TD,,,1.0
Details,,2024-10-13 14:58:59+00:00,11431,TD,,,4.0
Details,,2024-10-13 15:46:14+00:00,11445,TD,,,3.0
Details,,2024-10-16 14:57:20+00:00,11629,TD,,,6.0
Details,,2024-10-02 21:28:00+00:00,10773,TD,,,7.0
Details,,2024-10-14 21:52:34+00:00,11552,TD,,,4.0
Details,,2024-10-11 21:30:09+00:00,11269,TD,,,2.0
Details,,2024-10-07 14:07:23+00:00,11062,TD,,,4.0
Details,,2024-10-16 22:24:29+00:00,11670,TD,,,2.0
Details,,2024-10-11 14:25:16+00:00,11235,TD,,,4.0
Details,,2024-10-12 16:04:05+00:00,11341,TD,,,2.0
Details,,2024-10-07 22:54:21+00:00,11094,TD,,,4.0
Details,,2024-10-11 23:17:33+00:00,11290,TD,,,4.0
Details,,2024-10-11 23:29:53+00:00,11295,TD,,,2.0
Details,,2024-10-07 23:20:58+00:00,11100,TD,,,2.0
Details,,2024-10-04 21:59:23+00:00,10876,TD,,,6.0
Details,,2024-10-11 22:49:57+00:00,11284,TD,,,4.0
Details,,2024-10-11 15:04:48+00:00,11244,TD,,,6.0
Details,,2024-10-15 00:03:41+00:00,11561,TD,,,2.0
Details,,2024-10-02 22:37:45+00:00,10788,TD,,,4.0
Details,,2024-10-02 14:39:31+00:00,10732,TD,,,5.0
Details,,2024-10-02 15:30:31+00:00,10747,TD,,,10.0
Details,,2024-10-16 20:37:51+00:00,3124,SK,,,2.0
Details,,2024-10-13 15:32:04+00:00,11438,TD,,,2.0
Details,,2024-10-15 22:14:38+00:00,11599,TD,,,5.0
Details,,2024-10-11 22:19:43+00:00,11280,TD,,,2.0
Details,,2024-10-13 22:33:49+00:00,11505,TD,,,3.0
Details,,2024-10-13 15:40:49+00:00,11444,TD,,,2.0
Details,,2024-10-09 21:51:54+00:00,11173,TD,,,2.0
Details,,2024-10-02 14:40:11+00:00,10733,TD,,,3.0
Details,,2024-10-16 15:09:56+00:00,11630,TD,,,2.0
Details,,2024-10-14 00:07:21+00:00,11522,TD,,,5.0
Details,,2024-10-13 21:38:54+00:00,3085,TD,,,4.0
Details,,2024-10-11 21:26:23+00:00,3030,TD,,,2.0
Details,,2024-10-13 22:03:30+00:00,11496,TD,,,2.0
Details,,2024-10-04 21:46:22+00:00,2942,TD,,,1.0
Details,,2024-10-09 22:25:15+00:00,3010,TD,,,2.0
Details,,2024-10-04 14:48:43+00:00,2938,TD,,,4.0
