Customer_Name,Invoice_No_,Sum_of_Sub_Total,Phone,Quantity,Staff_year,Staff_month,Staff_day,Staff_hour,Area_year,Area_month,Area_day,Area_hour,Status_year,Status_month,Status_day,Status_hour,Table_No__year,Table_No__month,Table_No__day,Table_No__hour,Date_year,Date_month,Date_day,Date_hour,Item_Name_year,Item_Name_month,Item_Name_day,Item_Name_hour
,-1.218972223875152,,,-0.610929972682886,,,,,,,,,,,,,,,,,2024,10,1,0,,,,
,-1.218972223875152,,,0.23796326537003204,,,,,,,,,,,,,,,,,2024,10,1,0,,,,
,-1.2165775320663346,,,-0.610929972682886,,,,,,,,,,,,,,,,,2024,10,1,0,,,,
,-1.2141828402575174,,,-0.610929972682886,,,,,,,,,,,,,,,,,2024,10,1,0,,,,
,-1.2117881484487,,,-0.610929972682886,,,,,,,,,,,,,,,,,2024,10,1,0,,,,
,-1.2117881484487,,,0.23796326537003204,,,,,,,,,,,,,,,,,2024,10,1,0,,,,
,-1.2069987648310656,,,-0.610929972682886,,,,,,,,,,,,,,,,,2024,10,1,0,,,,
,-1.1998146894046136,,,-0.610929972682886,,,,,,,,,,,,,,,,,2024,10,1,0,,,,
,-1.1734730795076236,,,-0.610929972682886,,,,,,,,,,,,,,,,,2024,10,1,0,,,,
,-1.1710783876988062,,,0.23796326537003204,,,,,,,,,,,,,,,,,2024,10,1,0,,,,
,-1.1710783876988062,,,-0.610929972682886,,,,,,,,,,,,,,,,,2024,10,1,0,,,,
,-1.1686836958899889,,,-0.610929972682886,,,,,,,,,,,,,,,,,2024,10,1,0,,,,
,-1.1662890040811715,,,-0.610929972682886,,,,,,,,,,,,,,,,,2024,10,1,0,,,,
,-1.161499620463537,,,1.08685650342295,,,,,,,,,,,,,,,,,2024,10,1,0,,,,
,-1.1591049286547197,,,1.08685650342295,,,,,,,,,,,,,,,,,2024,10,1,0,,,,
,-1.1543155450370852,,,-0.610929972682886,,,,,,,,,,,,,,,,,2024,10,1,0,,,,
,-1.1519208532282679,,,0.23796326537003204,,,,,,,,,,,,,,,,,2024,10,1,0,,,,
,-1.1495261614194505,,,-0.610929972682886,,,,,,,,,,,,,,,,,2024,10,1,0,,,,
,-1.1471314696106334,,,-0.610929972682886,,,,,,,,,,,,,,,,,2024,10,1,0,,,,
,-1.1471314696106334,,,0.23796326537003204,,,,,,,,,,,,,,,,,2024,10,1,0,,,,
,-1.144736777801816,,,-0.610929972682886,,,,,,,,,,,,,,,,,2024,10,1,0,,,,
,-1.144736777801816,,,1.08685650342295,,,,,,,,,,,,,,,,,2024,10,1,0,,,,
,-1.1423420859929987,,,3.633536217581704,,,,,,,,,,,,,,,,,2024,10,1,0,,,,
,-1.1375527023753642,,,-0.610929972682886,,,,,,,,,,,,,,,,,2024,10,1,0,,,,
,-1.1375527023753642,,,0.23796326537003204,,,,,,,,,,,,,,,,,2024,10,1,0,,,,
,-1.1351580105665469,,,0.23796326537003204,,,,,,,,,,,,,,,,,2024,10,1,0,,,,
,-1.1327633187577295,,,0.23796326537003204,,,,,,,,,,,,,,,,,2024,10,1,0,,,,
,-1.127973935140095,,,-0.610929972682886,,,,,,,,,,,,,,,,,2024,10,1,0,,,,
,-1.1255792433312777,,,0.23796326537003204,,,,,,,,,,,,,,,,,2024,10,1,0,,,,
,-1.1231845515224606,,,-0.610929972682886,,,,,,,,,,,,,,,,,2024,10,1,0,,,,
,-1.1207898597136432,,,-0.610929972682886,,,,,,,,,,,,,,,,,2024,10,1,0,,,,
,-1.1183951679048258,,,-0.610929972682886,,,,,,,,,,,,,,,,,2024,10,1,0,,,,
,-1.1160004760960085,,,-0.610929972682886,,,,,,,,,,,,,,,,,2024,10,1,0,,,,
,-1.1136057842871914,,,-0.610929972682886,,,,,,,,,,,,,,,,,2024,10,1,0,,,,
,-1.111211092478374,,,-0.610929972682886,,,,,,,,,,,,,,,,,2024,10,1,0,,,,
,-1.1064217088607395,,,-0.610929972682886,,,,,,,,,,,,,,,,,2024,10,1,0,,,,
,-1.1064217088607395,,,-0.610929972682886,,,,,,,,,,,,,,,,,2024,10,1,0,,,,
,-1.0920535580078357,,,-0.610929972682886,,,,,,,,,,,,,,,,,2024,10,2,0,,,,
,-1.0896588661990185,,,0.23796326537003204,,,,,,,,,,,,,,,,,2024,10,2,0,,,,
,-1.0872641743902012,,,0.23796326537003204,,,,,,,,,,,,,,,,,2024,10,2,0,,,,
,-1.0800800989637493,,,-0.610929972682886,,,,,,,,,,,,,,,,,2024,10,2,0,,,,
,-1.077685407154932,,,0.23796326537003204,,,,,,,,,,,,,,,,,2024,10,2,0,,,,
,-1.0752907153461146,,,0.23796326537003204,,,,,,,,,,,,,,,,,2024,10,2,0,,,,
,-1.0728960235372975,,,0.23796326537003204,,,,,,,,,,,,,,,,,2024,10,2,0,,,,
,-1.0728960235372975,,,1.08685650342295,,,,,,,,,,,,,,,,,2024,10,2,0,,,,
,-1.0705013317284802,,,-0.610929972682886,,,,,,,,,,,,,,,,,2024,10,2,0,,,,
,-1.0681066399196628,,,-0.610929972682886,,,,,,,,,,,,,,,,,2024,10,2,0,,,,
,-1.0681066399196628,,,-0.610929972682886,,,,,,,,,,,,,,,,,2024,10,2,0,,,,
,-1.0657119481108455,,,-0.610929972682886,,,,,,,,,,,,,,,,,2024,10,2,0,,,,
,-1.0657119481108455,,,1.08685650342295,,,,,,,,,,,,,,,,,2024,10,2,0,,,,
,-1.0633172563020283,,,-0.610929972682886,,,,,,,,,,,,,,,,,2024,10,2,0,,,,
,-1.060922564493211,,,0.23796326537003204,,,,,,,,,,,,,,,,,2024,10,2,0,,,,
,-1.0585278726843936,,,1.9357497414758682,,,,,,,,,,,,,,,,,2024,10,2,0,,,,
,-1.0561331808755765,,,0.23796326537003204,,,,,,,,,,,,,,,,,2024,10,2,0,,,,
,-1.0561331808755765,,,1.9357497414758682,,,,,,,,,,,,,,,,,2024,10,2,0,,,,
,-1.0537384890667592,,,-0.610929972682886,,,,,,,,,,,,,,,,,2024,10,2,0,,,,
,-1.0513437972579418,,,0.23796326537003204,,,,,,,,,,,,,,,,,2024,10,2,0,,,,
,-1.0465544136403073,,,0.23796326537003204,,,,,,,,,,,,,,,,,2024,10,2,0,,,,
,-1.04415972183149,,,-0.610929972682886,,,,,,,,,,,,,,,,,2024,10,2,0,,,,
,-1.0130287283168653,,,1.08685650342295,,,,,,,,,,,,,,,,,2024,10,2,0,,,,
,-1.0082393446992306,,,-0.610929972682886,,,,,,,,,,,,,,,,,2024,10,2,0,,,,
,-1.0034499610815961,,,0.23796326537003204,,,,,,,,,,,,,,,,,2024,10,2,0,,,,
,-1.0010552692727788,,,0.23796326537003204,,,,,,,,,,,,,,,,,2024,10,2,0,,,,
,-0.9986605774639615,,,-0.610929972682886,,,,,,,,,,,,,,,,,2024,10,2,0,,,,
,-0.9938711938463269,,,-0.610929972682886,,,,,,,,,,,,,,,,,2024,10,2,0,,,,
,-0.9890818102286923,,,-0.610929972682886,,,,,,,,,,,,,,,,,2024,10,2,0,,,,
,-0.9866871184198751,,,1.08685650342295,,,,,,,,,,,,,,,,,2024,10,2,0,,,,
,-0.9842924266110578,,,0.23796326537003204,,,,,,,,,,,,,,,,,2024,10,2,0,,,,
,-0.9818977348022405,,,0.23796326537003204,,,,,,,,,,,,,,,,,2024,10,2,0,,,,
,-0.9771083511846059,,,-0.610929972682886,,,,,,,,,,,,,,,,,2024,10,2,0,,,,
,-0.9747136593757887,,,0.23796326537003204,,,,,,,,,,,,,,,,,2024,10,2,0,,,,
,-0.9723189675669713,,,0.23796326537003204,,,,,,,,,,,,,,,,,2024,10,2,0,,,,
,-0.9699242757581541,,,-0.610929972682886,,,,,,,,,,,,,,,,,2024,10,2,0,,,,
,-0.9675295839493367,,,-0.610929972682886,,,,,,,,,,,,,,,,,2024,10,2,0,,,,
,-0.9651348921405195,,,-0.610929972682886,,,,,,,,,,,,,,,,,2024,10,2,0,,,,
,-0.9627402003317022,,,1.9357497414758682,,,,,,,,,,,,,,,,,2024,10,2,0,,,,
,-0.9603455085228849,,,0.23796326537003204,,,,,,,,,,,,,,,,,2024,10,2,0,,,,
,-0.9579508167140677,,,0.23796326537003204,,,,,,,,,,,,,,,,,2024,10,2,0,,,,
,-0.9555561249052503,,,-0.610929972682886,,,,,,,,,,,,,,,,,2024,10,2,0,,,,
,-0.9531614330964331,,,0.23796326537003204,,,,,,,,,,,,,,,,,2024,10,2,0,,,,
,-0.9531614330964331,,,1.9357497414758682,,,,,,,,,,,,,,,,,2024,10,2,0,,,,
,-0.9483720494787985,,,1.9357497414758682,,,,,,,,,,,,,,,,,2024,10,2,0,,,,
,-0.9435826658611639,,,-0.610929972682886,,,,,,,,,,,,,,,,,2024,10,2,0,,,,
,-0.9435826658611639,,,0.23796326537003204,,,,,,,,,,,,,,,,,2024,10,2,0,,,,
,-0.9411879740523467,,,0.23796326537003204,,,,,,,,,,,,,,,,,2024,10,2,0,,,,
,-0.9387932822435293,,,0.23796326537003204,,,,,,,,,,,,,,,,,2024,10,2,0,,,,
,-0.9363985904347121,,,-0.610929972682886,,,,,,,,,,,,,,,,,2024,10,2,0,,,,
,-0.9340038986258947,,,1.08685650342295,,,,,,,,,,,,,,,,,2024,10,2,0,,,,
,-0.9316092068170775,,,-0.610929972682886,,,,,,,,,,,,,,,,,2024,10,2,0,,,,
,-0.9292145150082601,,,0.23796326537003204,,,,,,,,,,,,,,,,,2024,10,2,0,,,,
,-0.9268198231994429,,,-0.610929972682886,,,,,,,,,,,,,,,,,2024,10,2,0,,,,
,-0.9244251313906257,,,-0.610929972682886,,,,,,,,,,,,,,,,,2024,10,2,0,,,,
,-0.9220304395818083,,,0.23796326537003204,,,,,,,,,,,,,,,,,2024,10,2,0,,,,
,-0.9196357477729911,,,0.23796326537003204,,,,,,,,,,,,,,,,,2024,10,2,0,,,,
,-0.9172410559641737,,,-0.610929972682886,,,,,,,,,,,,,,,,,2024,10,2,0,,,,
,-0.9100569805377219,,,-0.610929972682886,,,,,,,,,,,,,,,,,2024,10,3,0,,,,
,-0.9052675969200873,,,1.08685650342295,,,,,,,,,,,,,,,,,2024,10,3,0,,,,
,-0.9052675969200873,,,1.9357497414758682,,,,,,,,,,,,,,,,,2024,10,3,0,,,,
,-0.9052675969200873,,,0.23796326537003204,,,,,,,,,,,,,,,,,2024,10,3,0,,,,
,-0.90287290511127,,,-0.610929972682886,,,,,,,,,,,,,,,,,2024,10,3,0,,,,
,-0.9004782133024527,,,0.23796326537003204,,,,,,,,,,,,,,,,,2024,10,3,0,,,,
,-0.9004782133024527,,,1.08685650342295,,,,,,,,,,,,,,,,,2024,10,3,0,,,,
,-0.8885047542583663,,,-0.610929972682886,,,,,,,,,,,,,,,,,2024,10,3,0,,,,
,-0.8837153706407317,,,-0.610929972682886,,,,,,,,,,,,,,,,,2024,10,3,0,,,,
,-0.8813206788319145,,,-0.610929972682886,,,,,,,,,,,,,,,,,2024,10,3,0,,,,
,-0.8741366034054626,,,0.23796326537003204,,,,,,,,,,,,,,,,,2024,10,3,0,,,,
,-0.869347219787828,,,0.23796326537003204,,,,,,,,,,,,,,,,,2024,10,3,0,,,,
,-0.8669525279790107,,,1.9357497414758682,,,,,,,,,,,,,,,,,2024,10,3,0,,,,
,-0.8645578361701934,,,0.23796326537003204,,,,,,,,,,,,,,,,,2024,10,3,0,,,,
,-0.8621631443613761,,,0.23796326537003204,,,,,,,,,,,,,,,,,2024,10,3,0,,,,
,-0.8621631443613761,,,-0.610929972682886,,,,,,,,,,,,,,,,,2024,10,3,0,,,,
,-0.8597684525525588,,,-0.610929972682886,,,,,,,,,,,,,,,,,2024,10,3,0,,,,
,-0.8573737607437416,,,1.08685650342295,,,,,,,,,,,,,,,,,2024,10,3,0,,,,
,-0.8573737607437416,,,-0.610929972682886,,,,,,,,,,,,,,,,,2024,10,3,0,,,,
,-0.8549790689349243,,,-0.610929972682886,,,,,,,,,,,,,,,,,2024,10,3,0,,,,
,-0.8549790689349243,,,-0.610929972682886,,,,,,,,,,,,,,,,,2024,10,3,0,,,,
,-0.852584377126107,,,-0.610929972682886,,,,,,,,,,,,,,,,,2024,10,3,0,,,,
,-0.8501896853172897,,,-0.610929972682886,,,,,,,,,,,,,,,,,2024,10,3,0,,,,
,-0.8477949935084724,,,-0.610929972682886,,,,,,,,,,,,,,,,,2024,10,3,0,,,,
,-0.8454003016996551,,,1.9357497414758682,,,,,,,,,,,,,,,,,2024,10,3,0,,,,
,-0.8430056098908378,,,-0.610929972682886,,,,,,,,,,,,,,,,,2024,10,3,0,,,,
,-0.8430056098908378,,,-0.610929972682886,,,,,,,,,,,,,,,,,2024,10,3,0,,,,
,-0.8430056098908378,,,1.08685650342295,,,,,,,,,,,,,,,,,2024,10,3,0,,,,
,-0.8430056098908378,,,-0.610929972682886,,,,,,,,,,,,,,,,,2024,10,3,0,,,,
,-0.8406109180820206,,,-0.610929972682886,,,,,,,,,,,,,,,,,2024,10,3,0,,,,
,-0.8406109180820206,,,0.23796326537003204,,,,,,,,,,,,,,,,,2024,10,3,0,,,,
,-0.835821534464386,,,-0.610929972682886,,,,,,,,,,,,,,,,,2024,10,3,0,,,,
,-0.8334268426555687,,,-0.610929972682886,,,,,,,,,,,,,,,,,2024,10,3,0,,,,
,-0.8310321508467514,,,-0.610929972682886,,,,,,,,,,,,,,,,,2024,10,3,0,,,,
,-0.8286374590379341,,,-0.610929972682886,,,,,,,,,,,,,,,,,2024,10,3,0,,,,
,-0.8262427672291168,,,-0.610929972682886,,,,,,,,,,,,,,,,,2024,10,3,0,,,,
,-0.8214533836114822,,,-0.610929972682886,,,,,,,,,,,,,,,,,2024,10,3,0,,,,
,-0.8166639999938476,,,0.23796326537003204,,,,,,,,,,,,,,,,,2024,10,3,0,,,,
,-0.8142693081850304,,,-0.610929972682886,,,,,,,,,,,,,,,,,2024,10,3,0,,,,
,-0.8142693081850304,,,1.08685650342295,,,,,,,,,,,,,,,,,2024,10,3,0,,,,
,-0.811874616376213,,,0.23796326537003204,,,,,,,,,,,,,,,,,2024,10,3,0,,,,
,-0.8094799245673958,,,2.784642979528786,,,,,,,,,,,,,,,,,2024,10,3,0,,,,
,-0.8094799245673958,,,-0.610929972682886,,,,,,,,,,,,,,,,,2024,10,3,0,,,,
,-0.8094799245673958,,,0.23796326537003204,,,,,,,,,,,,,,,,,2024,10,3,0,,,,
,-0.8046905409497612,,,1.9357497414758682,,,,,,,,,,,,,,,,,2024,10,3,0,,,,
,-0.802295849140944,,,0.23796326537003204,,,,,,,,,,,,,,,,,2024,10,3,0,,,,
,-0.7999011573321266,,,-0.610929972682886,,,,,,,,,,,,,,,,,2024,10,3,0,,,,
,-0.795111773714492,,,0.23796326537003204,,,,,,,,,,,,,,,,,2024,10,4,0,,,,
,-0.7927170819056748,,,-0.610929972682886,,,,,,,,,,,,,,,,,2024,10,4,0,,,,
,-0.7903223900968576,,,0.23796326537003204,,,,,,,,,,,,,,,,,2024,10,4,0,,,,
,-0.7879276982880402,,,-0.610929972682886,,,,,,,,,,,,,,,,,2024,10,4,0,,,,
,-0.785533006479223,,,1.08685650342295,,,,,,,,,,,,,,,,,2024,10,4,0,,,,
,-0.7831383146704056,,,-0.610929972682886,,,,,,,,,,,,,,,,,2024,10,4,0,,,,
,-0.7807436228615884,,,0.23796326537003204,,,,,,,,,,,,,,,,,2024,10,4,0,,,,
,-0.778348931052771,,,-0.610929972682886,,,,,,,,,,,,,,,,,2024,10,4,0,,,,
,-0.7711648556263192,,,-0.610929972682886,,,,,,,,,,,,,,,,,2024,10,4,0,,,,
,-0.7663754720086846,,,-0.610929972682886,,,,,,,,,,,,,,,,,2024,10,4,0,,,,
,-0.7591913965822328,,,-0.610929972682886,,,,,,,,,,,,,,,,,2024,10,4,0,,,,
,-0.7567967047734155,,,0.23796326537003204,,,,,,,,,,,,,,,,,2024,10,4,0,,,,
,-0.7544020129645982,,,0.23796326537003204,,,,,,,,,,,,,,,,,2024,10,4,0,,,,
,-0.752007321155781,,,-0.610929972682886,,,,,,,,,,,,,,,,,2024,10,4,0,,,,
,-0.7496126293469636,,,-0.610929972682886,,,,,,,,,,,,,,,,,2024,10,4,0,,,,
,-0.7472179375381464,,,-0.610929972682886,,,,,,,,,,,,,,,,,2024,10,4,0,,,,
,-0.744823245729329,,,-0.610929972682886,,,,,,,,,,,,,,,,,2024,10,4,0,,,,
,-0.7376391703028772,,,-0.610929972682886,,,,,,,,,,,,,,,,,2024,10,4,0,,,,
,-0.7352444784940599,,,1.08685650342295,,,,,,,,,,,,,,,,,2024,10,4,0,,,,
,-0.7328497866852426,,,0.23796326537003204,,,,,,,,,,,,,,,,,2024,10,4,0,,,,
,-0.728060403067608,,,1.9357497414758682,,,,,,,,,,,,,,,,,2024,10,4,0,,,,
,-0.7256657112587908,,,0.23796326537003204,,,,,,,,,,,,,,,,,2024,10,4,0,,,,
,-0.7232710194499735,,,-0.610929972682886,,,,,,,,,,,,,,,,,2024,10,4,0,,,,
,-0.7208763276411562,,,-0.610929972682886,,,,,,,,,,,,,,,,,2024,10,4,0,,,,
,-0.7184816358323389,,,1.08685650342295,,,,,,,,,,,,,,,,,2024,10,4,0,,,,
,-0.7160869440235216,,,1.08685650342295,,,,,,,,,,,,,,,,,2024,10,4,0,,,,
,-0.7160869440235216,,,-0.610929972682886,,,,,,,,,,,,,,,,,2024,10,4,0,,,,
,-0.711297560405887,,,1.08685650342295,,,,,,,,,,,,,,,,,2024,10,4,0,,,,
,-0.711297560405887,,,-0.610929972682886,,,,,,,,,,,,,,,,,2024,10,4,0,,,,
,-0.7089028685970697,,,-0.610929972682886,,,,,,,,,,,,,,,,,2024,10,4,0,,,,
,-0.7065081767882525,,,-0.610929972682886,,,,,,,,,,,,,,,,,2024,10,4,0,,,,
,-0.7065081767882525,,,1.9357497414758682,,,,,,,,,,,,,,,,,2024,10,4,0,,,,
,-0.7041134849794352,,,0.23796326537003204,,,,,,,,,,,,,,,,,2024,10,4,0,,,,
,-0.7017187931706179,,,0.23796326537003204,,,,,,,,,,,,,,,,,2024,10,4,0,,,,
,-0.6993241013618006,,,-0.610929972682886,,,,,,,,,,,,,,,,,2024,10,4,0,,,,
,-0.6969294095529833,,,0.23796326537003204,,,,,,,,,,,,,,,,,2024,10,4,0,,,,
,-0.6969294095529833,,,-0.610929972682886,,,,,,,,,,,,,,,,,2024,10,4,0,,,,
,-0.6921400259353487,,,-0.610929972682886,,,,,,,,,,,,,,,,,2024,10,4,0,,,,
,-0.6897453341265315,,,0.23796326537003204,,,,,,,,,,,,,,,,,2024,10,4,0,,,,
,-0.6897453341265315,,,-0.610929972682886,,,,,,,,,,,,,,,,,2024,10,4,0,,,,
,-0.6897453341265315,,,-1.035376591709345,,,,,,,,,,,,,,,,,2024,10,4,0,,,,
,-0.6897453341265315,,,1.08685650342295,,,,,,,,,,,,,,,,,2024,10,4,0,,,,
,-0.6897453341265315,,,-1.035376591709345,,,,,,,,,,,,,,,,,2024,10,4,0,,,,
,-0.6873506423177141,,,-0.610929972682886,,,,,,,,,,,,,,,,,2024,10,4,0,,,,
,-0.6873506423177141,,,1.9357497414758682,,,,,,,,,,,,,,,,,2024,10,4,0,,,,
,-0.6801665668912623,,,-0.610929972682886,,,,,,,,,,,,,,,,,2024,10,5,0,,,,
,-0.677771875082445,,,-0.610929972682886,,,,,,,,,,,,,,,,,2024,10,5,0,,,,
,-0.6753771832736277,,,-0.610929972682886,,,,,,,,,,,,,,,,,2024,10,5,0,,,,
,-0.6729824914648104,,,-0.610929972682886,,,,,,,,,,,,,,,,,2024,10,5,0,,,,
,-0.6681931078471759,,,-0.610929972682886,,,,,,,,,,,,,,,,,2024,10,5,0,,,,
,-0.6657984160383585,,,-0.610929972682886,,,,,,,,,,,,,,,,,2024,10,5,0,,,,
,-0.6657984160383585,,,0.23796326537003204,,,,,,,,,,,,,,,,,2024,10,5,0,,,,
,-0.6634037242295413,,,-0.610929972682886,,,,,,,,,,,,,,,,,2024,10,5,0,,,,
,-0.6538249569942721,,,-0.610929972682886,,,,,,,,,,,,,,,,,2024,10,5,0,,,,
,-0.6538249569942721,,,-0.610929972682886,,,,,,,,,,,,,,,,,2024,10,5,0,,,,
,-0.6514302651854549,,,1.08685650342295,,,,,,,,,,,,,,,,,2024,10,5,0,,,,
,-0.6514302651854549,,,-0.610929972682886,,,,,,,,,,,,,,,,,2024,10,5,0,,,,
,-0.6514302651854549,,,0.23796326537003204,,,,,,,,,,,,,,,,,2024,10,5,0,,,,
,-0.6514302651854549,,,1.9357497414758682,,,,,,,,,,,,,,,,,2024,10,5,0,,,,
,-0.6490355733766375,,,0.23796326537003204,,,,,,,,,,,,,,,,,2024,10,5,0,,,,
,-0.6466408815678203,,,-0.610929972682886,,,,,,,,,,,,,,,,,2024,10,5,0,,,,
,-0.6442461897590029,,,-0.610929972682886,,,,,,,,,,,,,,,,,2024,10,5,0,,,,
,-0.6394568061413684,,,-0.610929972682886,,,,,,,,,,,,,,,,,2024,10,5,0,,,,
,-0.6370621143325511,,,-0.610929972682886,,,,,,,,,,,,,,,,,2024,10,5,0,,,,
,-0.6322727307149165,,,-0.610929972682886,,,,,,,,,,,,,,,,,2024,10,5,0,,,,
,-0.6274833470972819,,,-0.610929972682886,,,,,,,,,,,,,,,,,2024,10,5,0,,,,
,-0.6202992716708301,,,0.23796326537003204,,,,,,,,,,,,,,,,,2024,10,5,0,,,,
,-0.6202992716708301,,,-0.610929972682886,,,,,,,,,,,,,,,,,2024,10,5,0,,,,
,-0.6179045798620129,,,-0.610929972682886,,,,,,,,,,,,,,,,,2024,10,5,0,,,,
,-0.6155098880531955,,,-0.610929972682886,,,,,,,,,,,,,,,,,2024,10,5,0,,,,
,-0.6131151962443783,,,-0.610929972682886,,,,,,,,,,,,,,,,,2024,10,5,0,,,,
,-0.6083258126267437,,,-0.610929972682886,,,,,,,,,,,,,,,,,2024,10,5,0,,,,
,-0.6059311208179263,,,-0.610929972682886,,,,,,,,,,,,,,,,,2024,10,5,0,,,,
,-0.6035364290091091,,,-0.610929972682886,,,,,,,,,,,,,,,,,2024,10,5,0,,,,
,-0.6011417372002918,,,-0.610929972682886,,,,,,,,,,,,,,,,,2024,10,5,0,,,,
,-0.5987470453914745,,,-0.610929972682886,,,,,,,,,,,,,,,,,2024,10,5,0,,,,
,-0.5939576617738399,,,-0.610929972682886,,,,,,,,,,,,,,,,,2024,10,5,0,,,,
,-0.5915629699650227,,,-0.610929972682886,,,,,,,,,,,,,,,,,2024,10,5,0,,,,
,-0.5867735863473881,,,0.23796326537003204,,,,,,,,,,,,,,,,,2024,10,5,0,,,,
,-0.5867735863473881,,,-0.610929972682886,,,,,,,,,,,,,,,,,2024,10,5,0,,,,
,-0.5843788945385708,,,-0.610929972682886,,,,,,,,,,,,,,,,,2024,10,5,0,,,,
,-0.5795895109209362,,,1.9357497414758682,,,,,,,,,,,,,,,,,2024,10,5,0,,,,
,-0.5771948191121189,,,0.23796326537003204,,,,,,,,,,,,,,,,,2024,10,5,0,,,,
,-0.5748001273033017,,,0.23796326537003204,,,,,,,,,,,,,,,,,2024,10,5,0,,,,
,-0.5724054354944843,,,0.23796326537003204,,,,,,,,,,,,,,,,,2024,10,5,0,,,,
,-0.5700107436856671,,,-0.610929972682886,,,,,,,,,,,,,,,,,2024,10,5,0,,,,
,-0.5652213600680325,,,1.9357497414758682,,,,,,,,,,,,,,,,,2024,10,5,0,,,,
,-0.5628266682592152,,,-0.610929972682886,,,,,,,,,,,,,,,,,2024,10,5,0,,,,
,-0.5604319764503979,,,0.23796326537003204,,,,,,,,,,,,,,,,,2024,10,5,0,,,,
,-0.5556425928327633,,,-0.610929972682886,,,,,,,,,,,,,,,,,2024,10,5,0,,,,
,-0.553247901023946,,,-0.610929972682886,,,,,,,,,,,,,,,,,2024,10,5,0,,,,
,-0.553247901023946,,,-0.610929972682886,,,,,,,,,,,,,,,,,2024,10,5,0,,,,
,-0.5508532092151288,,,-0.610929972682886,,,,,,,,,,,,,,,,,2024,10,5,0,,,,
,-0.5484585174063115,,,-0.610929972682886,,,,,,,,,,,,,,,,,2024,10,5,0,,,,
,-0.5460638255974942,,,-0.610929972682886,,,,,,,,,,,,,,,,,2024,10,5,0,,,,
,-0.5436691337886769,,,2.784642979528786,,,,,,,,,,,,,,,,,2024,10,5,0,,,,
,-0.5412744419798596,,,1.08685650342295,,,,,,,,,,,,,,,,,2024,10,5,0,,,,
,-0.5388797501710423,,,-0.610929972682886,,,,,,,,,,,,,,,,,2024,10,5,0,,,,
,-0.536485058362225,,,-0.610929972682886,,,,,,,,,,,,,,,,,2024,10,5,0,,,,
,-0.5293009829357732,,,-0.610929972682886,,,,,,,,,,,,,,,,,2024,10,5,0,,,,
,-0.5245115993181386,,,0.23796326537003204,,,,,,,,,,,,,,,,,2024,10,5,0,,,,
,-0.5221169075093213,,,-0.610929972682886,,,,,,,,,,,,,,,,,2024,10,5,0,,,,
,-0.519722215700504,,,-0.610929972682886,,,,,,,,,,,,,,,,,2024,10,5,0,,,,
,-0.5173275238916868,,,-0.610929972682886,,,,,,,,,,,,,,,,,2024,10,5,0,,,,
,-0.5053540648476003,,,-0.610929972682886,,,,,,,,,,,,,,,,,2024,10,6,0,,,,
,-0.49816998942114843,,,-0.610929972682886,,,,,,,,,,,,,,,,,2024,10,6,0,,,,
,-0.4838018385682447,,,0.23796326537003204,,,,,,,,,,,,,,,,,2024,10,6,0,,,,
,-0.4814071467594274,,,-0.610929972682886,,,,,,,,,,,,,,,,,2024,10,6,0,,,,
,-0.4790124549506101,,,-0.610929972682886,,,,,,,,,,,,,,,,,2024,10,6,0,,,,
,-0.4742230713329756,,,0.23796326537003204,,,,,,,,,,,,,,,,,2024,10,6,0,,,,
,-0.4742230713329756,,,-0.610929972682886,,,,,,,,,,,,,,,,,2024,10,6,0,,,,
,-0.4718283795241583,,,-0.610929972682886,,,,,,,,,,,,,,,,,2024,10,6,0,,,,
,-0.469433687715341,,,-0.610929972682886,,,,,,,,,,,,,,,,,2024,10,6,0,,,,
,-0.4670389959065237,,,-0.610929972682886,,,,,,,,,,,,,,,,,2024,10,6,0,,,,
,-0.4646443040977064,,,1.9357497414758682,,,,,,,,,,,,,,,,,2024,10,6,0,,,,
,-0.4622496122888891,,,0.23796326537003204,,,,,,,,,,,,,,,,,2024,10,6,0,,,,
,-0.45985492048007187,,,0.23796326537003204,,,,,,,,,,,,,,,,,2024,10,6,0,,,,
,-0.45985492048007187,,,-0.610929972682886,,,,,,,,,,,,,,,,,2024,10,6,0,,,,
,-0.4574602286712546,,,1.08685650342295,,,,,,,,,,,,,,,,,2024,10,6,0,,,,
,-0.4550655368624373,,,-0.610929972682886,,,,,,,,,,,,,,,,,2024,10,6,0,,,,
,-0.45267084505362,,,1.9357497414758682,,,,,,,,,,,,,,,,,2024,10,6,0,,,,
,-0.42632923515662985,,,-0.610929972682886,,,,,,,,,,,,,,,,,2024,10,6,0,,,,
,-0.42632923515662985,,,-0.610929972682886,,,,,,,,,,,,,,,,,2024,10,6,0,,,,
,-0.42393454334781255,,,-0.610929972682886,,,,,,,,,,,,,,,,,2024,10,6,0,,,,
,-0.41914515973017796,,,-0.610929972682886,,,,,,,,,,,,,,,,,2024,10,6,0,,,,
,-0.4143557761125434,,,-0.610929972682886,,,,,,,,,,,,,,,,,2024,10,6,0,,,,
,-0.4143557761125434,,,0.23796326537003204,,,,,,,,,,,,,,,,,2024,10,6,0,,,,
,-0.4119610843037261,,,1.08685650342295,,,,,,,,,,,,,,,,,2024,10,6,0,,,,
,-0.40956639249490884,,,-0.610929972682886,,,,,,,,,,,,,,,,,2024,10,6,0,,,,
,-0.40477700887727425,,,-0.610929972682886,,,,,,,,,,,,,,,,,2024,10,6,0,,,,
,-0.3928035498331878,,,-0.610929972682886,,,,,,,,,,,,,,,,,2024,10,6,0,,,,
,-0.39040885802437053,,,-0.610929972682886,,,,,,,,,,,,,,,,,2024,10,6,0,,,,
,-0.38561947440673594,,,0.23796326537003204,,,,,,,,,,,,,,,,,2024,10,6,0,,,,
,-0.38322478259791865,,,0.23796326537003204,,,,,,,,,,,,,,,,,2024,10,6,0,,,,
,-0.38083009078910135,,,-0.610929972682886,,,,,,,,,,,,,,,,,2024,10,6,0,,,,
,-0.37843539898028405,,,-0.610929972682886,,,,,,,,,,,,,,,,,2024,10,6,0,,,,
,-0.3760407071714668,,,-0.610929972682886,,,,,,,,,,,,,,,,,2024,10,6,0,,,,
,-0.3760407071714668,,,-0.610929972682886,,,,,,,,,,,,,,,,,2024,10,6,0,,,,
,-0.3712513235538322,,,-0.610929972682886,,,,,,,,,,,,,,,,,2024,10,6,0,,,,
,-0.3712513235538322,,,-0.610929972682886,,,,,,,,,,,,,,,,,2024,10,6,0,,,,
,-0.36885663174501493,,,3.633536217581704,,,,,,,,,,,,,,,,,2024,10,6,0,,,,
,-0.36885663174501493,,,-0.610929972682886,,,,,,,,,,,,,,,,,2024,10,6,0,,,,
,-0.36646193993619763,,,0.23796326537003204,,,,,,,,,,,,,,,,,2024,10,6,0,,,,
,-0.36646193993619763,,,-0.610929972682886,,,,,,,,,,,,,,,,,2024,10,6,0,,,,
,-0.36406724812738034,,,-0.610929972682886,,,,,,,,,,,,,,,,,2024,10,6,0,,,,
,-0.36167255631856304,,,-0.610929972682886,,,,,,,,,,,,,,,,,2024,10,6,0,,,,
,-0.3592778645097458,,,0.23796326537003204,,,,,,,,,,,,,,,,,2024,10,6,0,,,,
,-0.3568831727009285,,,-0.610929972682886,,,,,,,,,,,,,,,,,2024,10,6,0,,,,
,-0.3520937890832939,,,-0.610929972682886,,,,,,,,,,,,,,,,,2024,10,6,0,,,,
,-0.3496990972744766,,,-0.610929972682886,,,,,,,,,,,,,,,,,2024,10,6,0,,,,
,-0.3496990972744766,,,1.08685650342295,,,,,,,,,,,,,,,,,2024,10,6,0,,,,
,-0.3496990972744766,,,-0.610929972682886,,,,,,,,,,,,,,,,,2024,10,6,0,,,,
,-0.3473044054656593,,,0.23796326537003204,,,,,,,,,,,,,,,,,2024,10,6,0,,,,
,-0.34490971365684203,,,-0.610929972682886,,,,,,,,,,,,,,,,,2024,10,6,0,,,,
,-0.34251502184802474,,,0.23796326537003204,,,,,,,,,,,,,,,,,2024,10,6,0,,,,
,-0.34251502184802474,,,-0.610929972682886,,,,,,,,,,,,,,,,,2024,10,6,0,,,,
,-0.3401203300392075,,,0.23796326537003204,,,,,,,,,,,,,,,,,2024,10,6,0,,,,
,-0.3377256382303902,,,0.23796326537003204,,,,,,,,,,,,,,,,,2024,10,6,0,,,,
,-0.3353309464215729,,,-0.610929972682886,,,,,,,,,,,,,,,,,2024,10,6,0,,,,
,-0.3329362546127556,,,-0.610929972682886,,,,,,,,,,,,,,,,,2024,10,6,0,,,,
,-0.3305415628039383,,,-0.610929972682886,,,,,,,,,,,,,,,,,2024,10,6,0,,,,
,-0.3305415628039383,,,0.23796326537003204,,,,,,,,,,,,,,,,,2024,10,6,0,,,,
,-0.3257521791863037,,,0.23796326537003204,,,,,,,,,,,,,,,,,2024,10,6,0,,,,
,-0.3257521791863037,,,-0.610929972682886,,,,,,,,,,,,,,,,,2024,10,6,0,,,,
,-0.3257521791863037,,,1.08685650342295,,,,,,,,,,,,,,,,,2024,10,6,0,,,,
,-0.3257521791863037,,,3.633536217581704,,,,,,,,,,,,,,,,,2024,10,6,0,,,,
,-0.3233574873774865,,,-0.610929972682886,,,,,,,,,,,,,,,,,2024,10,6,0,,,,
,-0.3185681037598519,,,-0.610929972682886,,,,,,,,,,,,,,,,,2024,10,6,0,,,,
,-0.3137787201422173,,,-0.610929972682886,,,,,,,,,,,,,,,,,2024,10,6,0,,,,
,-0.3089893365245827,,,1.08685650342295,,,,,,,,,,,,,,,,,2024,10,6,0,,,,
,-0.3065946447157655,,,-0.610929972682886,,,,,,,,,,,,,,,,,2024,10,7,0,,,,
,-0.2970158774804963,,,-0.610929972682886,,,,,,,,,,,,,,,,,2024,10,7,0,,,,
,-0.294621185671679,,,0.23796326537003204,,,,,,,,,,,,,,,,,2024,10,7,0,,,,
,-0.2922264938628617,,,0.23796326537003204,,,,,,,,,,,,,,,,,2024,10,7,0,,,,
,-0.28983180205404446,,,-0.610929972682886,,,,,,,,,,,,,,,,,2024,10,7,0,,,,
,-0.2850424184364099,,,1.08685650342295,,,,,,,,,,,,,,,,,2024,10,7,0,,,,
,-0.261095500348237,,,-0.610929972682886,,,,,,,,,,,,,,,,,2024,10,7,0,,,,
,-0.25630611673060244,,,-0.610929972682886,,,,,,,,,,,,,,,,,2024,10,7,0,,,,
,-0.25391142492178514,,,-0.610929972682886,,,,,,,,,,,,,,,,,2024,10,7,0,,,,
,-0.24912204130415055,,,-0.610929972682886,,,,,,,,,,,,,,,,,2024,10,7,0,,,,
,-0.24672734949533326,,,0.23796326537003204,,,,,,,,,,,,,,,,,2024,10,7,0,,,,
,-0.244332657686516,,,-0.610929972682886,,,,,,,,,,,,,,,,,2024,10,7,0,,,,
,-0.2371485822600641,,,0.23796326537003204,,,,,,,,,,,,,,,,,2024,10,7,0,,,,
,-0.23475389045124684,,,1.08685650342295,,,,,,,,,,,,,,,,,2024,10,7,0,,,,
,-0.23235919864242954,,,-0.610929972682886,,,,,,,,,,,,,,,,,2024,10,7,0,,,,
,-0.23235919864242954,,,-0.610929972682886,,,,,,,,,,,,,,,,,2024,10,7,0,,,,
,-0.22996450683361225,,,0.23796326537003204,,,,,,,,,,,,,,,,,2024,10,7,0,,,,
,-0.22756981502479498,,,-0.610929972682886,,,,,,,,,,,,,,,,,2024,10,7,0,,,,
,-0.22756981502479498,,,-0.610929972682886,,,,,,,,,,,,,,,,,2024,10,7,0,,,,
,-0.22756981502479498,,,0.23796326537003204,,,,,,,,,,,,,,,,,2024,10,7,0,,,,
,-0.22517512321597768,,,0.23796326537003204,,,,,,,,,,,,,,,,,2024,10,7,0,,,,
,-0.2227804314071604,,,0.23796326537003204,,,,,,,,,,,,,,,,,2024,10,7,0,,,,
,-0.2203857395983431,,,-0.610929972682886,,,,,,,,,,,,,,,,,2024,10,7,0,,,,
,-0.2203857395983431,,,-0.610929972682886,,,,,,,,,,,,,,,,,2024,10,7,0,,,,
,-0.21559635598070853,,,1.08685650342295,,,,,,,,,,,,,,,,,2024,10,7,0,,,,
,-0.21320166417189124,,,0.23796326537003204,,,,,,,,,,,,,,,,,2024,10,7,0,,,,
,-0.21080697236307397,,,-0.610929972682886,,,,,,,,,,,,,,,,,2024,10,7,0,,,,
,-0.20122820512780482,,,-0.610929972682886,,,,,,,,,,,,,,,,,2024,10,7,0,,,,
,-0.19883351331898752,,,-0.610929972682886,,,,,,,,,,,,,,,,,2024,10,7,0,,,,
,-0.18925474608371837,,,1.08685650342295,,,,,,,,,,,,,,,,,2024,10,8,0,,,,
,-0.18686005427490107,,,-0.610929972682886,,,,,,,,,,,,,,,,,2024,10,8,0,,,,
,-0.1844653624660838,,,0.23796326537003204,,,,,,,,,,,,,,,,,2024,10,8,0,,,,
,-0.1820706706572665,,,-0.610929972682886,,,,,,,,,,,,,,,,,2024,10,8,0,,,,
,-0.1796759788484492,,,-0.610929972682886,,,,,,,,,,,,,,,,,2024,10,8,0,,,,
,-0.17728128703963192,,,-0.610929972682886,,,,,,,,,,,,,,,,,2024,10,8,0,,,,
,-0.17488659523081465,,,-0.610929972682886,,,,,,,,,,,,,,,,,2024,10,8,0,,,,
,-0.1629131361867282,,,-0.610929972682886,,,,,,,,,,,,,,,,,2024,10,8,0,,,,
,-0.1605184443779109,,,-0.610929972682886,,,,,,,,,,,,,,,,,2024,10,8,0,,,,
,-0.15572906076027634,,,-0.610929972682886,,,,,,,,,,,,,,,,,2024,10,8,0,,,,
,-0.1485449853338245,,,-0.610929972682886,,,,,,,,,,,,,,,,,2024,10,8,0,,,,
,-0.1437556017161899,,,-0.610929972682886,,,,,,,,,,,,,,,,,2024,10,8,0,,,,
,-0.14136090990737263,,,-0.610929972682886,,,,,,,,,,,,,,,,,2024,10,8,0,,,,
,-0.13896621809855533,,,-0.610929972682886,,,,,,,,,,,,,,,,,2024,10,8,0,,,,
,-0.13896621809855533,,,-0.610929972682886,,,,,,,,,,,,,,,,,2024,10,8,0,,,,
,-0.13657152628973804,,,-0.610929972682886,,,,,,,,,,,,,,,,,2024,10,8,0,,,,
,-0.13417683448092077,,,1.08685650342295,,,,,,,,,,,,,,,,,2024,10,8,0,,,,
,-0.13417683448092077,,,-0.610929972682886,,,,,,,,,,,,,,,,,2024,10,8,0,,,,
,-0.13178214267210347,,,-0.610929972682886,,,,,,,,,,,,,,,,,2024,10,8,0,,,,
,-0.12938745086328618,,,-0.610929972682886,,,,,,,,,,,,,,,,,2024,10,8,0,,,,
,-0.12699275905446888,,,1.9357497414758682,,,,,,,,,,,,,,,,,2024,10,8,0,,,,
,-0.12699275905446888,,,0.23796326537003204,,,,,,,,,,,,,,,,,2024,10,8,0,,,,
,-0.12699275905446888,,,-0.610929972682886,,,,,,,,,,,,,,,,,2024,10,8,0,,,,
,-0.1245980672456516,,,-0.610929972682886,,,,,,,,,,,,,,,,,2024,10,8,0,,,,
,-0.1245980672456516,,,1.08685650342295,,,,,,,,,,,,,,,,,2024,10,8,0,,,,
,-0.1245980672456516,,,2.784642979528786,,,,,,,,,,,,,,,,,2024,10,8,0,,,,
,-0.11980868362801704,,,-0.610929972682886,,,,,,,,,,,,,,,,,2024,10,8,0,,,,
,-0.11501930001038246,,,-0.610929972682886,,,,,,,,,,,,,,,,,2024,10,8,0,,,,
,-0.11022991639274789,,,-0.610929972682886,,,,,,,,,,,,,,,,,2024,10,8,0,,,,
,-0.10783522458393059,,,1.9357497414758682,,,,,,,,,,,,,,,,,2024,10,8,0,,,,
,-0.10544053277511331,,,-0.610929972682886,,,,,,,,,,,,,,,,,2024,10,8,0,,,,
,-0.10304584096629603,,,-0.610929972682886,,,,,,,,,,,,,,,,,2024,10,8,0,,,,
,-0.10065114915747873,,,0.23796326537003204,,,,,,,,,,,,,,,,,2024,10,8,0,,,,
,-0.09825645734866145,,,-0.610929972682886,,,,,,,,,,,,,,,,,2024,10,8,0,,,,
,-0.09107238192220958,,,0.23796326537003204,,,,,,,,,,,,,,,,,2024,10,9,0,,,,
,-0.0886776901133923,,,-0.610929972682886,,,,,,,,,,,,,,,,,2024,10,9,0,,,,
,-0.07909892287812315,,,-0.610929972682886,,,,,,,,,,,,,,,,,2024,10,9,0,,,,
,-0.07430953926048857,,,-0.610929972682886,,,,,,,,,,,,,,,,,2024,10,9,0,,,,
,-0.07191484745167129,,,-0.610929972682886,,,,,,,,,,,,,,,,,2024,10,9,0,,,,
,-0.07191484745167129,,,0.23796326537003204,,,,,,,,,,,,,,,,,2024,10,9,0,,,,
,-0.062336080216402134,,,-0.610929972682886,,,,,,,,,,,,,,,,,2024,10,9,0,,,,
,-0.059941388407584846,,,-0.610929972682886,,,,,,,,,,,,,,,,,2024,10,9,0,,,,
,-0.057546696598767565,,,-0.610929972682886,,,,,,,,,,,,,,,,,2024,10,9,0,,,,
,-0.055152004789950276,,,0.23796326537003204,,,,,,,,,,,,,,,,,2024,10,9,0,,,,
,-0.03599447031941198,,,-0.610929972682886,,,,,,,,,,,,,,,,,2024,10,9,0,,,,
,-0.03359977851059469,,,0.23796326537003204,,,,,,,,,,,,,,,,,2024,10,9,0,,,,
,-0.0312050867017774,,,0.23796326537003204,,,,,,,,,,,,,,,,,2024,10,9,0,,,,
,-0.026415703084142823,,,-0.610929972682886,,,,,,,,,,,,,,,,,2024,10,9,0,,,,
,-0.02402101127532554,,,0.23796326537003204,,,,,,,,,,,,,,,,,2024,10,9,0,,,,
,-0.02162631946650825,,,-0.610929972682886,,,,,,,,,,,,,,,,,2024,10,9,0,,,,
,-0.019231627657690962,,,-0.610929972682886,,,,,,,,,,,,,,,,,2024,10,9,0,,,,
,-0.016836935848873674,,,-0.610929972682886,,,,,,,,,,,,,,,,,2024,10,9,0,,,,
,-0.016836935848873674,,,1.08685650342295,,,,,,,,,,,,,,,,,2024,10,9,0,,,,
,-0.014442244040056387,,,1.08685650342295,,,,,,,,,,,,,,,,,2024,10,9,0,,,,
,-0.0120475522312391,,,0.23796326537003204,,,,,,,,,,,,,,,,,2024,10,9,0,,,,
,-0.009652860422421814,,,0.23796326537003204,,,,,,,,,,,,,,,,,2024,10,9,0,,,,
,-0.009652860422421814,,,1.9357497414758682,,,,,,,,,,,,,,,,,2024,10,9,0,,,,
,-0.0072581686136045254,,,-0.610929972682886,,,,,,,,,,,,,,,,,2024,10,9,0,,,,
,-0.004863476804787238,,,3.633536217581704,,,,,,,,,,,,,,,,,2024,10,9,0,,,,
,-0.004863476804787238,,,0.23796326537003204,,,,,,,,,,,,,,,,,2024,10,9,0,,,,
,-0.004863476804787238,,,-0.610929972682886,,,,,,,,,,,,,,,,,2024,10,9,0,,,,
,-0.0024687849959699505,,,0.23796326537003204,,,,,,,,,,,,,,,,,2024,10,9,0,,,,
,0.002320598621664624,,,0.23796326537003204,,,,,,,,,,,,,,,,,2024,10,9,0,,,,
,0.004715290430481912,,,-0.610929972682886,,,,,,,,,,,,,,,,,2024,10,9,0,,,,
,0.007109982239299199,,,1.08685650342295,,,,,,,,,,,,,,,,,2024,10,9,0,,,,
,0.009504674048116486,,,-0.610929972682886,,,,,,,,,,,,,,,,,2024,10,9,0,,,,
,0.011899365856933774,,,0.23796326537003204,,,,,,,,,,,,,,,,,2024,10,9,0,,,,
,0.021478133092202922,,,-0.610929972682886,,,,,,,,,,,,,,,,,2024,10,10,0,,,,
,0.02387282490102021,,,-0.610929972682886,,,,,,,,,,,,,,,,,2024,10,10,0,,,,
,0.0262675167098375,,,-0.610929972682886,,,,,,,,,,,,,,,,,2024,10,10,0,,,,
,0.028662208518654787,,,-0.610929972682886,,,,,,,,,,,,,,,,,2024,10,10,0,,,,
,0.038240975753923934,,,-0.610929972682886,,,,,,,,,,,,,,,,,2024,10,10,0,,,,
,0.04063566756274122,,,-0.610929972682886,,,,,,,,,,,,,,,,,2024,10,10,0,,,,
,0.0454250511803758,,,-0.610929972682886,,,,,,,,,,,,,,,,,2024,10,10,0,,,,
,0.04781974298919309,,,-0.610929972682886,,,,,,,,,,,,,,,,,2024,10,10,0,,,,
,0.05260912660682766,,,0.23796326537003204,,,,,,,,,,,,,,,,,2024,10,10,0,,,,
,0.05260912660682766,,,-0.610929972682886,,,,,,,,,,,,,,,,,2024,10,10,0,,,,
,0.05739851022446223,,,-0.610929972682886,,,,,,,,,,,,,,,,,2024,10,10,0,,,,
,0.05979320203327952,,,0.23796326537003204,,,,,,,,,,,,,,,,,2024,10,10,0,,,,
,0.06937196926854867,,,5.33132269368754,,,,,,,,,,,,,,,,,2024,10,10,0,,,,
,0.07176666107736596,,,1.08685650342295,,,,,,,,,,,,,,,,,2024,10,10,0,,,,
,0.07416135288618325,,,1.08685650342295,,,,,,,,,,,,,,,,,2024,10,10,0,,,,
,0.07416135288618325,,,-0.610929972682886,,,,,,,,,,,,,,,,,2024,10,10,0,,,,
,0.07655604469500053,,,-0.610929972682886,,,,,,,,,,,,,,,,,2024,10,10,0,,,,
,0.07895073650381783,,,-0.610929972682886,,,,,,,,,,,,,,,,,2024,10,10,0,,,,
,0.07895073650381783,,,1.9357497414758682,,,,,,,,,,,,,,,,,2024,10,10,0,,,,
,0.08134542831263511,,,-0.610929972682886,,,,,,,,,,,,,,,,,2024,10,10,0,,,,
,0.08134542831263511,,,2.784642979528786,,,,,,,,,,,,,,,,,2024,10,10,0,,,,
,0.08134542831263511,,,0.23796326537003204,,,,,,,,,,,,,,,,,2024,10,10,0,,,,
,0.08852950373908697,,,-0.610929972682886,,,,,,,,,,,,,,,,,2024,10,10,0,,,,
,0.09092419554790426,,,-0.610929972682886,,,,,,,,,,,,,,,,,2024,10,10,0,,,,
,0.09331888735672154,,,1.9357497414758682,,,,,,,,,,,,,,,,,2024,10,10,0,,,,
,0.09571357916553884,,,0.23796326537003204,,,,,,,,,,,,,,,,,2024,10,10,0,,,,
,0.1005029627831734,,,-0.610929972682886,,,,,,,,,,,,,,,,,2024,10,10,0,,,,
,0.10768703820962527,,,-0.610929972682886,,,,,,,,,,,,,,,,,2024,10,10,0,,,,
,0.11247642182725985,,,-0.610929972682886,,,,,,,,,,,,,,,,,2024,10,11,0,,,,
,0.11487111363607713,,,0.23796326537003204,,,,,,,,,,,,,,,,,2024,10,11,0,,,,
,0.11726580544489441,,,-0.610929972682886,,,,,,,,,,,,,,,,,2024,10,11,0,,,,
,0.11966049725371171,,,0.23796326537003204,,,,,,,,,,,,,,,,,2024,10,11,0,,,,
,0.12205518906252899,,,-0.610929972682886,,,,,,,,,,,,,,,,,2024,10,11,0,,,,
,0.12444988087134629,,,-0.610929972682886,,,,,,,,,,,,,,,,,2024,10,11,0,,,,
,0.13163395629779814,,,-0.610929972682886,,,,,,,,,,,,,,,,,2024,10,11,0,,,,
,0.13402864810661544,,,0.23796326537003204,,,,,,,,,,,,,,,,,2024,10,11,0,,,,
,0.1364233399154327,,,-0.610929972682886,,,,,,,,,,,,,,,,,2024,10,11,0,,,,
,0.13881803172425,,,-0.610929972682886,,,,,,,,,,,,,,,,,2024,10,11,0,,,,
,0.1436074153418846,,,-0.610929972682886,,,,,,,,,,,,,,,,,2024,10,11,0,,,,
,0.14600210715070186,,,-0.610929972682886,,,,,,,,,,,,,,,,,2024,10,11,0,,,,
,0.14839679895951916,,,0.23796326537003204,,,,,,,,,,,,,,,,,2024,10,11,0,,,,
,0.15079149076833645,,,-0.610929972682886,,,,,,,,,,,,,,,,,2024,10,11,0,,,,
,0.17234371704769202,,,-0.610929972682886,,,,,,,,,,,,,,,,,2024,10,11,0,,,,
,0.17473840885650932,,,-0.610929972682886,,,,,,,,,,,,,,,,,2024,10,11,0,,,,
,0.17952779247414388,,,0.23796326537003204,,,,,,,,,,,,,,,,,2024,10,11,0,,,,
,0.18192248428296118,,,-0.610929972682886,,,,,,,,,,,,,,,,,2024,10,11,0,,,,
,0.18431717609177847,,,1.08685650342295,,,,,,,,,,,,,,,,,2024,10,11,0,,,,
,0.18671186790059577,,,1.9357497414758682,,,,,,,,,,,,,,,,,2024,10,11,0,,,,
,0.19389594332704763,,,1.08685650342295,,,,,,,,,,,,,,,,,2024,10,11,0,,,,
,0.20108001875349948,,,-0.610929972682886,,,,,,,,,,,,,,,,,2024,10,11,0,,,,
,0.20347471056231678,,,0.23796326537003204,,,,,,,,,,,,,,,,,2024,10,11,0,,,,
,0.20347471056231678,,,-0.610929972682886,,,,,,,,,,,,,,,,,2024,10,11,0,,,,
,0.20826409417995134,,,-0.610929972682886,,,,,,,,,,,,,,,,,2024,10,11,0,,,,
,0.20826409417995134,,,-0.610929972682886,,,,,,,,,,,,,,,,,2024,10,11,0,,,,
,0.2130534777975859,,,0.23796326537003204,,,,,,,,,,,,,,,,,2024,10,11,0,,,,
,0.2130534777975859,,,-0.610929972682886,,,,,,,,,,,,,,,,,2024,10,11,0,,,,
,0.2154481696064032,,,-0.610929972682886,,,,,,,,,,,,,,,,,2024,10,11,0,,,,
,0.2178428614152205,,,0.23796326537003204,,,,,,,,,,,,,,,,,2024,10,11,0,,,,
,0.2202375532240378,,,-0.610929972682886,,,,,,,,,,,,,,,,,2024,10,11,0,,,,
,0.22502693684167235,,,-0.610929972682886,,,,,,,,,,,,,,,,,2024,10,11,0,,,,
,0.22981632045930692,,,0.23796326537003204,,,,,,,,,,,,,,,,,2024,10,11,0,,,,
,0.22981632045930692,,,-0.610929972682886,,,,,,,,,,,,,,,,,2024,10,11,0,,,,
,0.2322110122681242,,,1.08685650342295,,,,,,,,,,,,,,,,,2024,10,11,0,,,,
,0.2346057040769415,,,1.08685650342295,,,,,,,,,,,,,,,,,2024,10,11,0,,,,
,0.2346057040769415,,,-0.610929972682886,,,,,,,,,,,,,,,,,2024,10,11,0,,,,
,0.23939508769457607,,,1.9357497414758682,,,,,,,,,,,,,,,,,2024,10,11,0,,,,
,0.24178977950339337,,,-0.610929972682886,,,,,,,,,,,,,,,,,2024,10,11,0,,,,
,0.24418447131221066,,,-0.610929972682886,,,,,,,,,,,,,,,,,2024,10,11,0,,,,
,0.24657916312102793,,,-0.610929972682886,,,,,,,,,,,,,,,,,2024,10,11,0,,,,
,0.26094731397393167,,,-0.610929972682886,,,,,,,,,,,,,,,,,2024,10,11,0,,,,
,0.2681313894003835,,,0.23796326537003204,,,,,,,,,,,,,,,,,2024,10,11,0,,,,
,0.2705260812092008,,,-0.610929972682886,,,,,,,,,,,,,,,,,2024,10,11,0,,,,
,0.2705260812092008,,,-0.610929972682886,,,,,,,,,,,,,,,,,2024,10,11,0,,,,
,0.2753154648268354,,,2.784642979528786,,,,,,,,,,,,,,,,,2024,10,11,0,,,,
,0.2777101566356527,,,2.784642979528786,,,,,,,,,,,,,,,,,2024,10,11,0,,,,
,0.28010484844447,,,-0.610929972682886,,,,,,,,,,,,,,,,,2024,10,11,0,,,,
,0.2824995402532873,,,-0.610929972682886,,,,,,,,,,,,,,,,,2024,10,11,0,,,,
,0.2848942320621045,,,-0.610929972682886,,,,,,,,,,,,,,,,,2024,10,11,0,,,,
,0.2848942320621045,,,1.08685650342295,,,,,,,,,,,,,,,,,2024,10,11,0,,,,
,0.2872889238709218,,,-0.610929972682886,,,,,,,,,,,,,,,,,2024,10,11,0,,,,
,0.2896836156797391,,,-0.610929972682886,,,,,,,,,,,,,,,,,2024,10,11,0,,,,
,0.2920783074885564,,,-0.610929972682886,,,,,,,,,,,,,,,,,2024,10,11,0,,,,
,0.2944729992973737,,,-0.610929972682886,,,,,,,,,,,,,,,,,2024,10,11,0,,,,
,0.296867691106191,,,-0.610929972682886,,,,,,,,,,,,,,,,,2024,10,11,0,,,,
,0.3040517665326428,,,2.784642979528786,,,,,,,,,,,,,,,,,2024,10,12,0,,,,
,0.3040517665326428,,,-0.610929972682886,,,,,,,,,,,,,,,,,2024,10,12,0,,,,
,0.3088411501502774,,,-0.610929972682886,,,,,,,,,,,,,,,,,2024,10,12,0,,,,
,0.313630533767912,,,0.23796326537003204,,,,,,,,,,,,,,,,,2024,10,12,0,,,,
,0.3160252255767293,,,-0.610929972682886,,,,,,,,,,,,,,,,,2024,10,12,0,,,,
,0.31841991738554654,,,-0.610929972682886,,,,,,,,,,,,,,,,,2024,10,12,0,,,,
,0.32081460919436383,,,1.9357497414758682,,,,,,,,,,,,,,,,,2024,10,12,0,,,,
,0.3327880682384503,,,-0.610929972682886,,,,,,,,,,,,,,,,,2024,10,12,0,,,,
,0.3351827600472676,,,0.23796326537003204,,,,,,,,,,,,,,,,,2024,10,12,0,,,,
,0.3351827600472676,,,1.9357497414758682,,,,,,,,,,,,,,,,,2024,10,12,0,,,,
,0.33757745185608484,,,2.784642979528786,,,,,,,,,,,,,,,,,2024,10,12,0,,,,
,0.33997214366490214,,,-0.610929972682886,,,,,,,,,,,,,,,,,2024,10,12,0,,,,
,0.34236683547371943,,,-0.610929972682886,,,,,,,,,,,,,,,,,2024,10,12,0,,,,
,0.34476152728253673,,,1.9357497414758682,,,,,,,,,,,,,,,,,2024,10,12,0,,,,
,0.34476152728253673,,,0.23796326537003204,,,,,,,,,,,,,,,,,2024,10,12,0,,,,
,0.347156219091354,,,1.08685650342295,,,,,,,,,,,,,,,,,2024,10,12,0,,,,
,0.3495509109001713,,,-0.610929972682886,,,,,,,,,,,,,,,,,2024,10,12,0,,,,
,0.3519456027089886,,,-0.610929972682886,,,,,,,,,,,,,,,,,2024,10,12,0,,,,
,0.35434029451780585,,,-0.610929972682886,,,,,,,,,,,,,,,,,2024,10,12,0,,,,
,0.35673498632662315,,,3.633536217581704,,,,,,,,,,,,,,,,,2024,10,12,0,,,,
,0.36152436994425774,,,-0.610929972682886,,,,,,,,,,,,,,,,,2024,10,12,0,,,,
,0.36391906175307503,,,-0.610929972682886,,,,,,,,,,,,,,,,,2024,10,12,0,,,,
,0.36631375356189233,,,-0.610929972682886,,,,,,,,,,,,,,,,,2024,10,12,0,,,,
,0.3687084453707096,,,-0.610929972682886,,,,,,,,,,,,,,,,,2024,10,12,0,,,,
,0.37110313717952687,,,0.23796326537003204,,,,,,,,,,,,,,,,,2024,10,12,0,,,,
,0.37349782898834416,,,-0.610929972682886,,,,,,,,,,,,,,,,,2024,10,12,0,,,,
,0.4094182061206035,,,-0.610929972682886,,,,,,,,,,,,,,,,,2024,10,12,0,,,,
,0.41420758973823807,,,-0.610929972682886,,,,,,,,,,,,,,,,,2024,10,12,0,,,,
,0.41420758973823807,,,1.08685650342295,,,,,,,,,,,,,,,,,2024,10,12,0,,,,
,0.4333651242087764,,,-0.610929972682886,,,,,,,,,,,,,,,,,2024,10,12,0,,,,
,0.4333651242087764,,,-0.610929972682886,,,,,,,,,,,,,,,,,2024,10,12,0,,,,
,0.4381545078264109,,,-0.610929972682886,,,,,,,,,,,,,,,,,2024,10,12,0,,,,
,0.4405491996352282,,,-0.610929972682886,,,,,,,,,,,,,,,,,2024,10,12,0,,,,
,0.4405491996352282,,,-0.610929972682886,,,,,,,,,,,,,,,,,2024,10,12,0,,,,
,0.4429438914440455,,,-0.610929972682886,,,,,,,,,,,,,,,,,2024,10,12,0,,,,
,0.4429438914440455,,,1.08685650342295,,,,,,,,,,,,,,,,,2024,10,12,0,,,,
,0.4453385832528628,,,-0.610929972682886,,,,,,,,,,,,,,,,,2024,10,12,0,,,,
,0.4477332750616801,,,-0.610929972682886,,,,,,,,,,,,,,,,,2024,10,12,0,,,,
,0.4501279668704974,,,-0.610929972682886,,,,,,,,,,,,,,,,,2024,10,12,0,,,,
,0.4525226586793147,,,1.9357497414758682,,,,,,,,,,,,,,,,,2024,10,12,0,,,,
,0.4549173504881319,,,-0.610929972682886,,,,,,,,,,,,,,,,,2024,10,12,0,,,,
,0.4549173504881319,,,3.633536217581704,,,,,,,,,,,,,,,,,2024,10,12,0,,,,
,0.4573120422969492,,,0.23796326537003204,,,,,,,,,,,,,,,,,2024,10,12,0,,,,
,0.4597067341057665,,,-0.610929972682886,,,,,,,,,,,,,,,,,2024,10,12,0,,,,
,0.4621014259145838,,,-0.610929972682886,,,,,,,,,,,,,,,,,2024,10,12,0,,,,
,0.4644961177234011,,,-0.610929972682886,,,,,,,,,,,,,,,,,2024,10,12,0,,,,
,0.4668908095322184,,,-0.610929972682886,,,,,,,,,,,,,,,,,2024,10,12,0,,,,
,0.4692855013410357,,,0.23796326537003204,,,,,,,,,,,,,,,,,2024,10,12,0,,,,
,0.47407488495867023,,,0.23796326537003204,,,,,,,,,,,,,,,,,2024,10,12,0,,,,
,0.47407488495867023,,,-0.610929972682886,,,,,,,,,,,,,,,,,2024,10,12,0,,,,
,0.4764695767674875,,,-0.610929972682886,,,,,,,,,,,,,,,,,2024,10,12,0,,,,
,0.4788642685763048,,,-0.610929972682886,,,,,,,,,,,,,,,,,2024,10,12,0,,,,
,0.4788642685763048,,,-0.610929972682886,,,,,,,,,,,,,,,,,2024,10,12,0,,,,
,0.4812589603851221,,,0.23796326537003204,,,,,,,,,,,,,,,,,2024,10,12,0,,,,
,0.4812589603851221,,,-0.610929972682886,,,,,,,,,,,,,,,,,2024,10,12,0,,,,
,0.4836536521939394,,,-0.610929972682886,,,,,,,,,,,,,,,,,2024,10,12,0,,,,
,0.4860483440027567,,,0.23796326537003204,,,,,,,,,,,,,,,,,2024,10,12,0,,,,
,0.4860483440027567,,,2.784642979528786,,,,,,,,,,,,,,,,,2024,10,12,0,,,,
,0.49083772762039124,,,0.23796326537003204,,,,,,,,,,,,,,,,,2024,10,12,0,,,,
,0.49323241942920854,,,2.784642979528786,,,,,,,,,,,,,,,,,2024,10,12,0,,,,
,0.49323241942920854,,,-0.610929972682886,,,,,,,,,,,,,,,,,2024,10,12,0,,,,
,0.49562711123802583,,,-0.610929972682886,,,,,,,,,,,,,,,,,2024,10,12,0,,,,
,0.4980218030468431,,,-0.610929972682886,,,,,,,,,,,,,,,,,2024,10,12,0,,,,
,0.5028111866644777,,,-0.610929972682886,,,,,,,,,,,,,,,,,2024,10,12,0,,,,
,0.5028111866644777,,,-0.610929972682886,,,,,,,,,,,,,,,,,2024,10,12,0,,,,
,0.5076005702821123,,,1.08685650342295,,,,,,,,,,,,,,,,,2024,10,12,0,,,,
,0.5099952620909296,,,-0.610929972682886,,,,,,,,,,,,,,,,,2024,10,12,0,,,,
,0.5099952620909296,,,1.08685650342295,,,,,,,,,,,,,,,,,2024,10,12,0,,,,
,0.5099952620909296,,,-0.610929972682886,,,,,,,,,,,,,,,,,2024,10,12,0,,,,
,0.5123899538997468,,,-0.610929972682886,,,,,,,,,,,,,,,,,2024,10,12,0,,,,
,0.5147846457085641,,,0.23796326537003204,,,,,,,,,,,,,,,,,2024,10,12,0,,,,
,0.5171793375173814,,,-0.610929972682886,,,,,,,,,,,,,,,,,2024,10,12,0,,,,
,0.5195740293261987,,,0.23796326537003204,,,,,,,,,,,,,,,,,2024,10,12,0,,,,
,0.521968721135016,,,-0.610929972682886,,,,,,,,,,,,,,,,,2024,10,12,0,,,,
,0.5243634129438333,,,-0.610929972682886,,,,,,,,,,,,,,,,,2024,10,12,0,,,,
,0.5267581047526506,,,1.08685650342295,,,,,,,,,,,,,,,,,2024,10,12,0,,,,
,0.5267581047526506,,,0.23796326537003204,,,,,,,,,,,,,,,,,2024,10,12,0,,,,
,0.5267581047526506,,,-0.610929972682886,,,,,,,,,,,,,,,,,2024,10,12,0,,,,
,0.5291527965614679,,,0.23796326537003204,,,,,,,,,,,,,,,,,2024,10,12,0,,,,
,0.5291527965614679,,,-0.610929972682886,,,,,,,,,,,,,,,,,2024,10,12,0,,,,
,0.5291527965614679,,,-0.610929972682886,,,,,,,,,,,,,,,,,2024,10,12,0,,,,
,0.5315474883702851,,,-0.610929972682886,,,,,,,,,,,,,,,,,2024,10,12,0,,,,
,0.5339421801791024,,,-0.610929972682886,,,,,,,,,,,,,,,,,2024,10,12,0,,,,
,0.5363368719879197,,,-0.610929972682886,,,,,,,,,,,,,,,,,2024,10,12,0,,,,
,0.538731563796737,,,-0.610929972682886,,,,,,,,,,,,,,,,,2024,10,12,0,,,,
,0.5435209474143716,,,-0.610929972682886,,,,,,,,,,,,,,,,,2024,10,12,0,,,,
,0.5459156392231889,,,-0.610929972682886,,,,,,,,,,,,,,,,,2024,10,12,0,,,,
,0.5698625573113617,,,-0.610929972682886,,,,,,,,,,,,,,,,,2024,10,13,0,,,,
,0.5722572491201791,,,0.23796326537003204,,,,,,,,,,,,,,,,,2024,10,13,0,,,,
,0.5746519409289963,,,1.08685650342295,,,,,,,,,,,,,,,,,2024,10,13,0,,,,
,0.5746519409289963,,,-0.610929972682886,,,,,,,,,,,,,,,,,2024,10,13,0,,,,
,0.5770466327378136,,,-0.610929972682886,,,,,,,,,,,,,,,,,2024,10,13,0,,,,
,0.5794413245466309,,,-0.610929972682886,,,,,,,,,,,,,,,,,2024,10,13,0,,,,
,0.5818360163554481,,,0.23796326537003204,,,,,,,,,,,,,,,,,2024,10,13,0,,,,
,0.5818360163554481,,,-0.610929972682886,,,,,,,,,,,,,,,,,2024,10,13,0,,,,
,0.5842307081642655,,,-0.610929972682886,,,,,,,,,,,,,,,,,2024,10,13,0,,,,
,0.5866253999730827,,,1.9357497414758682,,,,,,,,,,,,,,,,,2024,10,13,0,,,,
,0.5890200917819001,,,0.23796326537003204,,,,,,,,,,,,,,,,,2024,10,13,0,,,,
,0.5914147835907173,,,0.23796326537003204,,,,,,,,,,,,,,,,,2024,10,13,0,,,,
,0.5938094753995347,,,0.23796326537003204,,,,,,,,,,,,,,,,,2024,10,13,0,,,,
,0.5962041672083519,,,0.23796326537003204,,,,,,,,,,,,,,,,,2024,10,13,0,,,,
,0.5962041672083519,,,-0.610929972682886,,,,,,,,,,,,,,,,,2024,10,13,0,,,,
,0.5985988590171691,,,-0.610929972682886,,,,,,,,,,,,,,,,,2024,10,13,0,,,,
,0.5985988590171691,,,1.9357497414758682,,,,,,,,,,,,,,,,,2024,10,13,0,,,,
,0.6033882426348037,,,0.23796326537003204,,,,,,,,,,,,,,,,,2024,10,13,0,,,,
,0.6081776262524383,,,1.08685650342295,,,,,,,,,,,,,,,,,2024,10,13,0,,,,
,0.6105723180612557,,,-0.610929972682886,,,,,,,,,,,,,,,,,2024,10,13,0,,,,
,0.6129670098700729,,,0.23796326537003204,,,,,,,,,,,,,,,,,2024,10,13,0,,,,
,0.6153617016788901,,,1.9357497414758682,,,,,,,,,,,,,,,,,2024,10,13,0,,,,
,0.6177563934877075,,,1.9357497414758682,,,,,,,,,,,,,,,,,2024,10,13,0,,,,
,0.6177563934877075,,,1.08685650342295,,,,,,,,,,,,,,,,,2024,10,13,0,,,,
,0.6177563934877075,,,5.33132269368754,,,,,,,,,,,,,,,,,2024,10,13,0,,,,
,0.6225457771053421,,,0.23796326537003204,,,,,,,,,,,,,,,,,2024,10,13,0,,,,
,0.6249404689141593,,,0.23796326537003204,,,,,,,,,,,,,,,,,2024,10,13,0,,,,
,0.6249404689141593,,,-0.610929972682886,,,,,,,,,,,,,,,,,2024,10,13,0,,,,
,0.6297298525317939,,,2.784642979528786,,,,,,,,,,,,,,,,,2024,10,13,0,,,,
,0.6321245443406112,,,-0.610929972682886,,,,,,,,,,,,,,,,,2024,10,13,0,,,,
,0.6345192361494285,,,-0.610929972682886,,,,,,,,,,,,,,,,,2024,10,13,0,,,,
,0.6369139279582458,,,-0.610929972682886,,,,,,,,,,,,,,,,,2024,10,13,0,,,,
,0.6872024559434088,,,0.23796326537003204,,,,,,,,,,,,,,,,,2024,10,13,0,,,,
,0.6943865313698607,,,1.08685650342295,,,,,,,,,,,,,,,,,2024,10,13,0,,,,
,0.696781223178678,,,-0.610929972682886,,,,,,,,,,,,,,,,,2024,10,13,0,,,,
,0.6991759149874953,,,0.23796326537003204,,,,,,,,,,,,,,,,,2024,10,13,0,,,,
,0.7063599904139471,,,0.23796326537003204,,,,,,,,,,,,,,,,,2024,10,13,0,,,,
,0.7111493740315817,,,-0.610929972682886,,,,,,,,,,,,,,,,,2024,10,13,0,,,,
,0.7159387576492163,,,-0.610929972682886,,,,,,,,,,,,,,,,,2024,10,13,0,,,,
,0.7183334494580336,,,0.23796326537003204,,,,,,,,,,,,,,,,,2024,10,13,0,,,,
,0.7207281412668508,,,-0.610929972682886,,,,,,,,,,,,,,,,,2024,10,13,0,,,,
,0.7279122166933027,,,-0.610929972682886,,,,,,,,,,,,,,,,,2024,10,13,0,,,,
,0.7327016003109373,,,1.08685650342295,,,,,,,,,,,,,,,,,2024,10,13,0,,,,
,0.7327016003109373,,,0.23796326537003204,,,,,,,,,,,,,,,,,2024,10,13,0,,,,
,0.7374909839285718,,,0.23796326537003204,,,,,,,,,,,,,,,,,2024,10,13,0,,,,
,0.7374909839285718,,,-0.610929972682886,,,,,,,,,,,,,,,,,2024,10,13,0,,,,
,0.7398856757373892,,,0.23796326537003204,,,,,,,,,,,,,,,,,2024,10,13,0,,,,
,0.7422803675462064,,,0.23796326537003204,,,,,,,,,,,,,,,,,2024,10,13,0,,,,
,0.747069751163841,,,0.23796326537003204,,,,,,,,,,,,,,,,,2024,10,13,0,,,,
,0.7494644429726584,,,0.23796326537003204,,,,,,,,,,,,,,,,,2024,10,13,0,,,,
,0.7518591347814756,,,-0.610929972682886,,,,,,,,,,,,,,,,,2024,10,13,0,,,,
,0.7518591347814756,,,-1.035376591709345,,,,,,,,,,,,,,,,,2024,10,13,0,,,,
,0.7518591347814756,,,-0.610929972682886,,,,,,,,,,,,,,,,,2024,10,13,0,,,,
,0.7542538265902928,,,0.23796326537003204,,,,,,,,,,,,,,,,,2024,10,13,0,,,,
,0.7542538265902928,,,-0.610929972682886,,,,,,,,,,,,,,,,,2024,10,13,0,,,,
,0.7566485183991102,,,1.08685650342295,,,,,,,,,,,,,,,,,2024,10,13,0,,,,
,0.7566485183991102,,,-0.610929972682886,,,,,,,,,,,,,,,,,2024,10,13,0,,,,
,0.7566485183991102,,,2.784642979528786,,,,,,,,,,,,,,,,,2024,10,13,0,,,,
,0.7614379020167448,,,-0.610929972682886,,,,,,,,,,,,,,,,,2024,10,13,0,,,,
,0.763832593825562,,,0.23796326537003204,,,,,,,,,,,,,,,,,2024,10,13,0,,,,
,0.763832593825562,,,1.08685650342295,,,,,,,,,,,,,,,,,2024,10,13,0,,,,
,0.7686219774431966,,,-0.610929972682886,,,,,,,,,,,,,,,,,2024,10,13,0,,,,
,0.7710166692520138,,,-0.610929972682886,,,,,,,,,,,,,,,,,2024,10,13,0,,,,
,0.7710166692520138,,,1.9357497414758682,,,,,,,,,,,,,,,,,2024,10,13,0,,,,
,0.7710166692520138,,,1.08685650342295,,,,,,,,,,,,,,,,,2024,10,13,0,,,,
,0.7758060528696484,,,-0.610929972682886,,,,,,,,,,,,,,,,,2024,10,13,0,,,,
,0.780595436487283,,,-0.610929972682886,,,,,,,,,,,,,,,,,2024,10,13,0,,,,
,0.7829901282961004,,,0.23796326537003204,,,,,,,,,,,,,,,,,2024,10,13,0,,,,
,0.7877795119137349,,,-0.610929972682886,,,,,,,,,,,,,,,,,2024,10,13,0,,,,
,0.7901742037225522,,,-0.610929972682886,,,,,,,,,,,,,,,,,2024,10,13,0,,,,
,0.7925688955313694,,,0.23796326537003204,,,,,,,,,,,,,,,,,2024,10,13,0,,,,
,0.797358279149004,,,-0.610929972682886,,,,,,,,,,,,,,,,,2024,10,13,0,,,,
,0.7997529709578214,,,3.633536217581704,,,,,,,,,,,,,,,,,2024,10,13,0,,,,
,0.7997529709578214,,,5.33132269368754,,,,,,,,,,,,,,,,,2024,10,13,0,,,,
,0.8021476627666386,,,-0.610929972682886,,,,,,,,,,,,,,,,,2024,10,13,0,,,,
,0.8021476627666386,,,-0.610929972682886,,,,,,,,,,,,,,,,,2024,10,13,0,,,,
,0.8045423545754559,,,1.08685650342295,,,,,,,,,,,,,,,,,2024,10,13,0,,,,
,0.8093317381930905,,,0.23796326537003204,,,,,,,,,,,,,,,,,2024,10,13,0,,,,
,0.8117264300019078,,,-0.610929972682886,,,,,,,,,,,,,,,,,2024,10,13,0,,,,
,0.8117264300019078,,,-0.610929972682886,,,,,,,,,,,,,,,,,2024,10,13,0,,,,
,0.814121121810725,,,-0.610929972682886,,,,,,,,,,,,,,,,,2024,10,13,0,,,,
,0.8189105054283596,,,0.23796326537003204,,,,,,,,,,,,,,,,,2024,10,13,0,,,,
,0.8260945808548115,,,1.9357497414758682,,,,,,,,,,,,,,,,,2024,10,14,0,,,,
,0.8260945808548115,,,-0.610929972682886,,,,,,,,,,,,,,,,,2024,10,14,0,,,,
,0.8284892726636288,,,0.23796326537003204,,,,,,,,,,,,,,,,,2024,10,14,0,,,,
,0.8308839644724461,,,-0.610929972682886,,,,,,,,,,,,,,,,,2024,10,14,0,,,,
,0.8308839644724461,,,0.23796326537003204,,,,,,,,,,,,,,,,,2024,10,14,0,,,,
,0.8332786562812634,,,-0.610929972682886,,,,,,,,,,,,,,,,,2024,10,14,0,,,,
,0.8380680398988979,,,0.23796326537003204,,,,,,,,,,,,,,,,,2024,10,14,0,,,,
,0.8404627317077152,,,-0.610929972682886,,,,,,,,,,,,,,,,,2024,10,14,0,,,,
,0.8644096497958881,,,-0.610929972682886,,,,,,,,,,,,,,,,,2024,10,14,0,,,,
,0.8668043416047054,,,0.23796326537003204,,,,,,,,,,,,,,,,,2024,10,14,0,,,,
,0.8715937252223399,,,0.23796326537003204,,,,,,,,,,,,,,,,,2024,10,14,0,,,,
,0.8763831088399745,,,0.23796326537003204,,,,,,,,,,,,,,,,,2024,10,14,0,,,,
,0.8787778006487919,,,0.23796326537003204,,,,,,,,,,,,,,,,,2024,10,14,0,,,,
,0.8811724924576091,,,0.23796326537003204,,,,,,,,,,,,,,,,,2024,10,14,0,,,,
,0.8859618760752437,,,-0.610929972682886,,,,,,,,,,,,,,,,,2024,10,14,0,,,,
,0.8883565678840609,,,-0.610929972682886,,,,,,,,,,,,,,,,,2024,10,14,0,,,,
,0.8907512596928783,,,0.23796326537003204,,,,,,,,,,,,,,,,,2024,10,14,0,,,,
,0.8931459515016955,,,-0.610929972682886,,,,,,,,,,,,,,,,,2024,10,14,0,,,,
,0.8955406433105129,,,3.633536217581704,,,,,,,,,,,,,,,,,2024,10,14,0,,,,
,0.8979353351193301,,,-0.610929972682886,,,,,,,,,,,,,,,,,2024,10,14,0,,,,
,0.8979353351193301,,,-0.610929972682886,,,,,,,,,,,,,,,,,2024,10,14,0,,,,
,0.8979353351193301,,,-0.610929972682886,,,,,,,,,,,,,,,,,2024,10,14,0,,,,
,0.8979353351193301,,,2.784642979528786,,,,,,,,,,,,,,,,,2024,10,14,0,,,,
,0.9027247187369647,,,7.029109169793376,,,,,,,,,,,,,,,,,2024,10,14,0,,,,
,0.9027247187369647,,,1.9357497414758682,,,,,,,,,,,,,,,,,2024,10,14,0,,,,
,0.9027247187369647,,,-0.610929972682886,,,,,,,,,,,,,,,,,2024,10,14,0,,,,
,0.9051194105457819,,,0.23796326537003204,,,,,,,,,,,,,,,,,2024,10,14,0,,,,
,0.9099087941634165,,,0.23796326537003204,,,,,,,,,,,,,,,,,2024,10,15,0,,,,
,0.9123034859722339,,,1.08685650342295,,,,,,,,,,,,,,,,,2024,10,15,0,,,,
,0.9146981777810511,,,-0.610929972682886,,,,,,,,,,,,,,,,,2024,10,15,0,,,,
,0.9146981777810511,,,1.9357497414758682,,,,,,,,,,,,,,,,,2024,10,15,0,,,,
,0.9170928695898685,,,-0.610929972682886,,,,,,,,,,,,,,,,,2024,10,15,0,,,,
,0.9194875613986857,,,-0.610929972682886,,,,,,,,,,,,,,,,,2024,10,15,0,,,,
,0.9242769450163203,,,-0.610929972682886,,,,,,,,,,,,,,,,,2024,10,15,0,,,,
,0.9242769450163203,,,0.23796326537003204,,,,,,,,,,,,,,,,,2024,10,15,0,,,,
,0.9410397876780413,,,-0.610929972682886,,,,,,,,,,,,,,,,,2024,10,15,0,,,,
,0.9458291712956759,,,1.9357497414758682,,,,,,,,,,,,,,,,,2024,10,15,0,,,,
,0.9482238631044931,,,-0.610929972682886,,,,,,,,,,,,,,,,,2024,10,15,0,,,,
,0.9530132467221277,,,-0.610929972682886,,,,,,,,,,,,,,,,,2024,10,15,0,,,,
,0.9649867057662141,,,1.08685650342295,,,,,,,,,,,,,,,,,2024,10,15,0,,,,
,0.9697760893838487,,,-0.610929972682886,,,,,,,,,,,,,,,,,2024,10,15,0,,,,
,0.9745654730014833,,,0.23796326537003204,,,,,,,,,,,,,,,,,2024,10,15,0,,,,
,0.9769601648103006,,,-0.610929972682886,,,,,,,,,,,,,,,,,2024,10,15,0,,,,
,0.9817495484279352,,,0.23796326537003204,,,,,,,,,,,,,,,,,2024,10,15,0,,,,
,0.9817495484279352,,,-0.610929972682886,,,,,,,,,,,,,,,,,2024,10,15,0,,,,
,0.9841442402367525,,,-0.610929972682886,,,,,,,,,,,,,,,,,2024,10,15,0,,,,
,0.9865389320455697,,,1.08685650342295,,,,,,,,,,,,,,,,,2024,10,15,0,,,,
,0.988933623854387,,,-0.610929972682886,,,,,,,,,,,,,,,,,2024,10,15,0,,,,
,0.9961176992808389,,,0.23796326537003204,,,,,,,,,,,,,,,,,2024,10,15,0,,,,
,0.9961176992808389,,,-0.610929972682886,,,,,,,,,,,,,,,,,2024,10,15,0,,,,
,1.0033017747072908,,,0.23796326537003204,,,,,,,,,,,,,,,,,2024,10,15,0,,,,
,1.0056964665161081,,,-0.610929972682886,,,,,,,,,,,,,,,,,2024,10,15,0,,,,
,1.0080911583249252,,,-0.610929972682886,,,,,,,,,,,,,,,,,2024,10,15,0,,,,
,1.0104858501337426,,,-0.610929972682886,,,,,,,,,,,,,,,,,2024,10,15,0,,,,
,1.01288054194256,,,-0.610929972682886,,,,,,,,,,,,,,,,,2024,10,15,0,,,,
,1.0176699255601944,,,3.633536217581704,,,,,,,,,,,,,,,,,2024,10,15,0,,,,
,1.0224593091778291,,,3.633536217581704,,,,,,,,,,,,,,,,,2024,10,15,0,,,,
,1.0224593091778291,,,0.23796326537003204,,,,,,,,,,,,,,,,,2024,10,15,0,,,,
,1.029643384604281,,,-0.610929972682886,,,,,,,,,,,,,,,,,2024,10,15,0,,,,
,1.0320380764130983,,,0.23796326537003204,,,,,,,,,,,,,,,,,2024,10,15,0,,,,
,1.0320380764130983,,,-0.610929972682886,,,,,,,,,,,,,,,,,2024,10,15,0,,,,
,1.046406227266002,,,-0.610929972682886,,,,,,,,,,,,,,,,,2024,10,16,0,,,,
,1.0488009190748193,,,0.23796326537003204,,,,,,,,,,,,,,,,,2024,10,16,0,,,,
,1.0511956108836364,,,0.23796326537003204,,,,,,,,,,,,,,,,,2024,10,16,0,,,,
,1.0559849945012711,,,-0.610929972682886,,,,,,,,,,,,,,,,,2024,10,16,0,,,,
,1.0559849945012711,,,-0.610929972682886,,,,,,,,,,,,,,,,,2024,10,16,0,,,,
,1.0583796863100883,,,-0.610929972682886,,,,,,,,,,,,,,,,,2024,10,16,0,,,,
,1.0583796863100883,,,0.23796326537003204,,,,,,,,,,,,,,,,,2024,10,16,0,,,,
,1.0583796863100883,,,1.08685650342295,,,,,,,,,,,,,,,,,2024,10,16,0,,,,
,1.0607743781189056,,,-0.610929972682886,,,,,,,,,,,,,,,,,2024,10,16,0,,,,
,1.063169069927723,,,0.23796326537003204,,,,,,,,,,,,,,,,,2024,10,16,0,,,,
,1.0703531453541748,,,1.08685650342295,,,,,,,,,,,,,,,,,2024,10,16,0,,,,
,1.0727478371629922,,,1.08685650342295,,,,,,,,,,,,,,,,,2024,10,16,0,,,,
,1.0751425289718093,,,-0.610929972682886,,,,,,,,,,,,,,,,,2024,10,16,0,,,,
,1.0775372207806266,,,-0.610929972682886,,,,,,,,,,,,,,,,,2024,10,16,0,,,,
,1.079931912589444,,,3.633536217581704,,,,,,,,,,,,,,,,,2024,10,16,0,,,,
,1.1182469815305205,,,-0.610929972682886,,,,,,,,,,,,,,,,,2024,10,16,0,,,,
,1.1206416733393378,,,-0.610929972682886,,,,,,,,,,,,,,,,,2024,10,16,0,,,,
,1.1230363651481552,,,0.23796326537003204,,,,,,,,,,,,,,,,,2024,10,16,0,,,,
,1.1254310569569723,,,0.23796326537003204,,,,,,,,,,,,,,,,,2024,10,16,0,,,,
,1.1326151323834244,,,0.23796326537003204,,,,,,,,,,,,,,,,,2024,10,16,0,,,,
,1.1374045160010589,,,-0.610929972682886,,,,,,,,,,,,,,,,,2024,10,16,0,,,,
,1.1397992078098762,,,-0.610929972682886,,,,,,,,,,,,,,,,,2024,10,16,0,,,,
,1.1397992078098762,,,0.23796326537003204,,,,,,,,,,,,,,,,,2024,10,16,0,,,,
,1.1421938996186933,,,-0.610929972682886,,,,,,,,,,,,,,,,,2024,10,16,0,,,,
,1.1493779750451454,,,0.23796326537003204,,,,,,,,,,,,,,,,,2024,10,16,0,,,,
,1.1517726668539625,,,-0.610929972682886,,,,,,,,,,,,,,,,,2024,10,16,0,,,,
,1.1541673586627799,,,-0.610929972682886,,,,,,,,,,,,,,,,,2024,10,16,0,,,,
,1.1565620504715972,,,-0.610929972682886,,,,,,,,,,,,,,,,,2024,10,16,0,,,,
,1.1589567422804143,,,-0.610929972682886,,,,,,,,,,,,,,,,,2024,10,16,0,,,,
,1.1613514340892317,,,-0.610929972682886,,,,,,,,,,,,,,,,,2024,10,16,0,,,,
,1.163746125898049,,,-0.610929972682886,,,,,,,,,,,,,,,,,2024,10,16,0,,,,
,1.1661408177068664,,,-0.610929972682886,,,,,,,,,,,,,,,,,2024,10,16,0,,,,
,1.1685355095156835,,,-0.610929972682886,,,,,,,,,,,,,,,,,2024,10,16,0,,,,
,1.1709302013245009,,,1.9357497414758682,,,,,,,,,,,,,,,,,2024,10,16,0,,,,
,1.1709302013245009,,,0.23796326537003204,,,,,,,,,,,,,,,,,2024,10,16,0,,,,
,1.1733248931333182,,,1.08685650342295,,,,,,,,,,,,,,,,,2024,10,16,0,,,,
,1.1757195849421354,,,-0.610929972682886,,,,,,,,,,,,,,,,,2024,10,16,0,,,,
,1.1781142767509527,,,-0.610929972682886,,,,,,,,,,,,,,,,,2024,10,16,0,,,,
,1.18050896855977,,,-0.610929972682886,,,,,,,,,,,,,,,,,2024,10,16,0,,,,
,1.18050896855977,,,-0.610929972682886,,,,,,,,,,,,,,,,,2024,10,16,0,,,,
,1.1829036603685874,,,-0.610929972682886,,,,,,,,,,,,,,,,,2024,10,16,0,,,,
,1.1852983521774045,,,-0.610929972682886,,,,,,,,,,,,,,,,,2024,10,16,0,,,,
,1.1852983521774045,,,0.23796326537003204,,,,,,,,,,,,,,,,,2024,10,16,0,,,,
,1.1852983521774045,,,3.633536217581704,,,,,,,,,,,,,,,,,2024,10,16,0,,,,
,1.1876930439862219,,,-0.610929972682886,,,,,,,,,,,,,,,,,2024,10,16,0,,,,
,1.1948771194126737,,,-0.610929972682886,,,,,,,,,,,,,,,,,2024,10,17,0,,,,
,1.197271811221491,,,-0.610929972682886,,,,,,,,,,,,,,,,,2024,10,17,0,,,,
,1.2020611948391255,,,-0.610929972682886,,,,,,,,,,,,,,,,,2024,10,17,0,,,,
,1.204455886647943,,,-0.610929972682886,,,,,,,,,,,,,,,,,2024,10,17,0,,,,
,1.2164293456920294,,,-0.610929972682886,,,,,,,,,,,,,,,,,2024,10,17,0,,,,
,1.221218729309664,,,-0.610929972682886,,,,,,,,,,,,,,,,,2024,10,17,0,,,,
,1.2236134211184813,,,-0.610929972682886,,,,,,,,,,,,,,,,,2024,10,17,0,,,,
,1.2331921883537504,,,-0.610929972682886,,,,,,,,,,,,,,,,,2024,10,17,0,,,,
,1.2355868801625676,,,-0.610929972682886,,,,,,,,,,,,,,,,,2024,10,17,0,,,,
,1.2403762637802023,,,-0.610929972682886,,,,,,,,,,,,,,,,,2024,10,17,0,,,,
,1.2451656473978368,,,-0.610929972682886,,,,,,,,,,,,,,,,,2024,10,17,0,,,,
,1.247560339206654,,,0.23796326537003204,,,,,,,,,,,,,,,,,2024,10,17,0,,,,
,1.2499550310154715,,,0.23796326537003204,,,,,,,,,,,,,,,,,2024,10,17,0,,,,
,1.2523497228242886,,,-0.610929972682886,,,,,,,,,,,,,,,,,2024,10,17,0,,,,
,1.2571391064419233,,,-0.610929972682886,,,,,,,,,,,,,,,,,2024,10,17,0,,,,
,1.2595337982507404,,,0.23796326537003204,,,,,,,,,,,,,,,,,2024,10,17,0,,,,
,1.2619284900595578,,,-0.610929972682886,,,,,,,,,,,,,,,,,2024,10,17,0,,,,
,1.2643231818683751,,,0.23796326537003204,,,,,,,,,,,,,,,,,2024,10,17,0,,,,
,1.2667178736771925,,,-0.610929972682886,,,,,,,,,,,,,,,,,2024,10,17,0,,,,
,1.2667178736771925,,,1.9357497414758682,,,,,,,,,,,,,,,,,2024,10,17,0,,,,
,1.2667178736771925,,,0.23796326537003204,,,,,,,,,,,,,,,,,2024,10,17,0,,,,
,1.271507257294827,,,-0.610929972682886,,,,,,,,,,,,,,,,,2024,10,17,0,,,,
,1.271507257294827,,,-0.610929972682886,,,,,,,,,,,,,,,,,2024,10,17,0,,,,
,1.2739019491036443,,,-0.610929972682886,,,,,,,,,,,,,,,,,2024,10,17,0,,,,
,1.2739019491036443,,,-0.610929972682886,,,,,,,,,,,,,,,,,2024,10,17,0,,,,
,1.2762966409124614,,,-0.610929972682886,,,,,,,,,,,,,,,,,2024,10,17,0,,,,
,1.2762966409124614,,,-0.610929972682886,,,,,,,,,,,,,,,,,2024,10,17,0,,,,
,1.2762966409124614,,,0.23796326537003204,,,,,,,,,,,,,,,,,2024,10,17,0,,,,
,1.2786913327212788,,,-0.610929972682886,,,,,,,,,,,,,,,,,2024,10,17,0,,,,
,1.2786913327212788,,,0.23796326537003204,,,,,,,,,,,,,,,,,2024,10,17,0,,,,
,1.2810860245300961,,,-0.610929972682886,,,,,,,,,,,,,,,,,2024,10,17,0,,,,
,1.2810860245300961,,,-0.610929972682886,,,,,,,,,,,,,,,,,2024,10,17,0,,,,
,1.2834807163389135,,,0.23796326537003204,,,,,,,,,,,,,,,,,2024,10,17,0,,,,
,1.2858754081477306,,,-0.610929972682886,,,,,,,,,,,,,,,,,2024,10,17,0,,,,
,1.288270099956548,,,-0.610929972682886,,,,,,,,,,,,,,,,,2024,10,17,0,,,,
,1.2906647917653653,,,-0.610929972682886,,,,,,,,,,,,,,,,,2024,10,17,0,,,,
,1.2930594835741824,,,-0.610929972682886,,,,,,,,,,,,,,,,,2024,10,17,0,,,,
,1.2954541753829998,,,-0.610929972682886,,,,,,,,,,,,,,,,,2024,10,17,0,,,,
,1.2978488671918171,,,-0.610929972682886,,,,,,,,,,,,,,,,,2024,10,17,0,,,,
,1.3002435590006345,,,-0.610929972682886,,,,,,,,,,,,,,,,,2024,10,17,0,,,,
,-19.322842298533846,,,0.23796326537003204,,,,,,,,,,,,,,,,,2024,10,15,0,,,,
