Raw_Material,DayOfWeek,Unit,Total_Amount_Past_30days,Avg_Quantity_Current_Month,Avg_Quantity_Previous_Three_Months,Quantity_Change,PercentageChange
Frappe Powder,Thursday,PKT,39176.0,40.0,24.0,16.0,66.67
Staff Rice,Wednesday,Kg,36000.0,150.0,172.5,-22.5,-13.04
Madagascar Chocolate,Tuesday,PKT,34367.5,1.6666666666666667,1.4285714285714286,0.23809523809523814,16.67
Basmati Rice,Wednesday,Kg,33480.0,54.0,62.5,-8.5,-13.6
Malai Paneer,Sunday,Kg,32860.0,15.142857142857142,10.782608695652174,4.3602484472049685,40.44
Maida,Wednesday,Kg,30800.0,140.0,137.5,2.5,1.82
Kaju Tukda,Thursday,Kg,30555.0,15.0,12.0,3.0,25.0
Frappe Powder,Saturday,PKT,30361.399999999998,15.5,24.0,-8.5,-35.42
Chicken Broiler,Saturday,Kg,28865.8,40.2,40.435714285714276,-0.23571428571427333,-0.58
Refind Oil,Friday,LTR,27277.495000000003,41.8,46.285714285714285,-4.4857142857142875,-9.69
Pomfret,Thursday,Kg,27000.0,5.4,5.533333333333334,-0.13333333333333375,-2.41
Kaju Tukda,Saturday,Kg,26334.0,13.5,8.0,5.5,68.75
Peel Garlic,Thursday,Kg,26280.0,10.428571428571429,12.200000000000001,-1.7714285714285722,-14.52
Bisleri 250 Ml,Friday,BTL,24899.998,1260.0,1056.0,204.0,19.32
Pomfret,Sunday,Kg,23375.0,4.675000000000001,8.545454545454545,-3.8704545454545443,-45.29
Pomfret,Tuesday,Kg,22625.0,4.525,4.6,-0.07499999999999929,-1.63
Atta,Wednesday,Kg,22080.0,96.0,102.5,-6.5,-6.34
Butter Amul,Sunday,PKT,21600.0,40.0,40.0,0.0,0.0
Toor Dal,Wednesday,Kg,21600.0,30.0,30.0,0.0,0.0
Ghee Nandani,Thursday,Kg,21518.64,12.0,12.0,0.0,0.0
Peel Garlic,Monday,Kg,20880.0,11.6,11.0,0.5999999999999996,5.45
Madagascar Chocolate,Friday,PKT,20620.5,1.0,2.0,-1.0,-50.0
Madagascar Chocolate,Wednesday,PKT,20620.5,1.5,2.0,-0.5,-25.0
Malai Paneer,Friday,Kg,20500.0,11.0,10.285714285714285,0.7142857142857153,6.94
Malai Paneer,Saturday,Kg,20460.0,11.0,10.3,0.6999999999999993,6.8
Malai Paneer,Thursday,Kg,20460.0,9.428571428571427,9.272727272727273,0.15584415584415368,1.68
Refind Oil,Tuesday,LTR,19751.9,50.0,48.75000000000001,1.249999999999993,2.56
Mutton Big Raan,Thursday,Kg,19560.0,6.5200000000000005,7.275,-0.7549999999999999,-10.38
Refind Oil,Saturday,LTR,18673.47,46.666666666666664,46.285714285714285,0.3809523809523796,0.82
Pomfret,Friday,Kg,18625.0,7.449999999999999,5.9,1.549999999999999,26.27
Mutton Big Raan,Sunday,Kg,18060.0,10.033333333333333,8.82,1.213333333333333,13.76
Chicken Leg Bonless,Thursday,Kg,18000.0,12.0,10.4,1.5999999999999996,15.38
Onion,Wednesday,Kg,17328.0,56.2,51.07692307692308,5.123076923076923,10.03
Refind Oil,Wednesday,LTR,17253.0,41.333333333333336,50.0,-8.666666666666664,-17.33
Frappe Powder,Wednesday,PKT,16649.8,17.0,26.75,-9.75,-36.45
Chicken Leg Bonless,Saturday,Kg,16500.0,13.75,11.230769230769232,2.5192307692307683,22.43
Yellow Banana Chips,Sunday,Kg,16340.0,10.75,10.428571428571429,0.3214285714285712,3.08
Malai Paneer,Wednesday,Kg,16120.0,8.666666666666666,7.285714285714284,1.3809523809523823,18.95
Bisleri 250 Ml,Thursday,BTL,15999.994,1680.0,1000.0,680.0,68.0
Mutton Big Raan,Monday,Kg,15960.0,6.65,7.84,-1.1899999999999995,-15.18
Kaju Tukda,Wednesday,Kg,15907.5,15.0,13.500000000000002,1.4999999999999982,11.11
Kingfisher Ultra,Friday,BTL,15709.92,120.0,120.0,0.0,0.0
Coconut Milk Powder,Thursday,PKT,15558.348,12.0,12.0,0.0,0.0
Peel Garlic,Saturday,Kg,15480.0,10.75,10.799999999999999,-0.049999999999998934,-0.46
Onion,Thursday,Kg,15434.0,50.4,43.57142857142857,6.828571428571429,15.67
Kashmiri Chilli,Thursday,Kg,15246.0,16.5,13.666666666666666,2.833333333333334,20.73
Yellow Banana Chips,Tuesday,Kg,15200.0,10.0,10.0,0.0,0.0
Chicken Leg Bonless,Sunday,Kg,15000.0,16.666666666666668,14.23076923076923,2.435897435897438,17.12
Onion,Sunday,Kg,14855.0,59.75,53.30769230769231,6.442307692307693,12.09
Pomfret,Saturday,Kg,14750.0,3.933333333333333,6.614285714285714,-2.6809523809523808,-40.53
Masoor Dal,Wednesday,Kg,14400.0,30.0,30.0,0.0,0.0
Ghee Nandani,Tuesday,Kg,14363.856,12.0,12.0,0.0,0.0
Ghee Nandani,Sunday,Kg,14336.712,12.0,10.4,1.5999999999999996,15.38
Malai Paneer,Tuesday,Kg,14260.0,7.666666666666666,7.142857142857142,0.5238095238095237,7.33
Tea Powder,Wednesday,Kg,14250.0,8.333333333333334,8.571428571428571,-0.23809523809523725,-2.78
Onion,Saturday,Kg,14098.0,56.5,52.38461538461539,4.115384615384613,7.86
Kingfisher,Friday,BTL,14090.76,120.0,120.0,0.0,0.0
Tiger Prawns,Sunday,Kg,13970.0,4.233333333333333,5.220000000000001,-0.9866666666666672,-18.9
Kashmiri Chilli,Saturday,Kg,13860.0,15.0,13.5,1.5,11.11
Sugar,Wednesday,Kg,13800.0,60.0,58.333333333333336,1.6666666666666643,2.86
Peel Garlic,Wednesday,Kg,13680.0,12.666666666666666,8.777777777777779,3.8888888888888875,44.3
Paper Bag Small,Tuesday,NOS,13570.0,666.6666666666666,1000.0,-333.33333333333337,-33.33
Refind Oil,Sunday,LTR,13165.5,50.0,46.4,3.6000000000000014,7.76
Peel Garlic,Sunday,Kg,12960.0,12.0,12.333333333333332,-0.33333333333333215,-2.7
Spicy Banana Chips (red),Sunday,Kg,12800.0,10.0,10.0,0.0,0.0
Spicy Banana Chips (red),Tuesday,Kg,12800.0,10.0,10.0,0.0,0.0
Mutton Big Raan,Saturday,Kg,12420.0,6.9,7.5,-0.5999999999999996,-8.0
Chicken Breast Bonless,Sunday,Kg,12300.0,10.25,9.538461538461538,0.7115384615384617,7.46
Onion,Friday,Kg,12145.0,48.75,45.07692307692307,3.673076923076927,8.15
Refind Oil,Thursday,LTR,11999.7,45.0,45.57142857142858,-0.5714285714285765,-1.25
Aquafina Water,Thursday,BTL,11600.64,480.0,510.0,-30.0,-5.88
Onion,Monday,Kg,11408.0,45.75,57.53846153846154,-11.78846153846154,-20.49
Yellow Banana Chips,Friday,Kg,11400.0,10.0,11.0,-1.0,-9.09
Bisleri 250 Ml,Tuesday,BTL,11399.994999999999,1200.0,1408.0,-208.0,-14.77
Tiger Prawns,Tuesday,Kg,11110.0,5.05,4.8,0.25,5.21
The Glenlivet 12 Years,Wednesday,BTL,10951.68,2.0,1.0,1.0,100.0
Butter Amul,Monday,PKT,10800.0,40.0,40.0,0.0,0.0
Butter Amul,Saturday,PKT,10800.0,40.0,40.0,0.0,0.0
Butter Amul,Thursday,PKT,10800.0,40.0,40.0,0.0,0.0
Butter Amul,Tuesday,PKT,10800.0,40.0,40.0,0.0,0.0
Butter Amul,Wednesday,PKT,10800.0,40.0,40.0,0.0,0.0
Chicken Leg Bonless,Friday,Kg,10800.0,9.0,9.538461538461537,-0.5384615384615365,-5.65
Onion,Tuesday,Kg,10634.0,43.25,45.84615384615384,-2.5961538461538396,-5.66
Chicken Leg Bonless,Wednesday,Kg,10500.0,8.75,6.5,2.25,34.62
Chicken Leg Bonless,Monday,Kg,10200.0,8.5,8.899999999999999,-0.3999999999999986,-4.49
Tiger Prawns,Saturday,Kg,10120.0,4.6,4.233333333333333,0.36666666666666625,8.66
Milk 3 Fat,Saturday,PKT,10080.0,36.0,26.411764705882355,9.588235294117645,36.3
Peel Garlic,Tuesday,Kg,10080.0,9.333333333333334,10.666666666666666,-1.3333333333333321,-12.5
Char Magaz,Thursday,Kg,9828.0,8.0,6.666666666666667,1.333333333333333,20.0
Dark Chocolate 2.5kg,Monday,Kg,9800.02,10.0,15.0,-5.0,-33.33
Tiger Prawns,Thursday,Kg,9680.0,4.4,6.7,-2.3,-34.33
Chapati For Staff,Thursday,PCS,9625.0,250.0,286.3636363636364,-36.363636363636374,-12.7
Paper Bag Small,Saturday,NOS,9617.0,550.0,500.0,50.0,10.0
Spicy Banana Chips (red),Friday,Kg,9600.0,10.0,10.0,0.0,0.0
Grey Goose Vodka,Saturday,BTL,9598.599999999999,1.0,1.0,0.0,0.0
Refind Oil,Monday,LTR,9537.619999999999,17.5,42.666666666666664,-25.166666666666664,-58.98
Curd Mother Dairy,Thursday,Kg,9355.5,18.0,14.375000000000002,3.6249999999999982,25.22
Amul Milk,Monday,LTR,9304.800000000001,24.6,26.666666666666668,-2.0666666666666664,-7.75
Chicken Breast Bonless,Thursday,Kg,9300.0,7.75,6.249999999999999,1.5000000000000009,24.0
After Mint M Pot,Tuesday,PKT,9187.5,35.0,25.0,10.0,40.0
Orange Imp,Saturday,Kg,9000.0,12.5,10.346153846153847,2.1538461538461533,20.82
Milk 3 Fat,Wednesday,PKT,8960.0,22.857142857142858,23.22222222222222,-0.3650793650793638,-1.57
Orange Imp,Monday,Kg,8820.0,12.25,10.67,1.58,14.81
Orange Imp,Thursday,Kg,8820.0,12.25,11.81818181818182,0.4318181818181799,3.65
Curd Mother Dairy,Tuesday,Kg,8731.8,21.0,17.333333333333336,3.6666666666666643,21.15
Chicken Breast Bonless,Monday,Kg,8700.0,7.25,6.636363636363637,0.6136363636363633,9.25
Corona,Wednesday,BTL,8682.336,48.0,24.0,24.0,100.0
Cheese Amul,Sunday,Kg,8682.24,8.5,12.0,-3.5,-29.17
Orange Imp,Sunday,Kg,8568.0,11.9,10.442857142857141,1.457142857142859,13.95
Moong Dal,Wednesday,Kg,8450.0,21.666666666666664,25.0,-3.3333333333333357,-13.33
Black Dog Triple Gold Reserve,Saturday,BTL,8407.98,3.0,2.0,1.0,50.0
Eggs,Wednesday,PCS,8360.0,260.0,234.6153846153846,25.384615384615387,10.82
Curd Mother Dairy,Sunday,Kg,8316.0,20.0,15.0,5.0,33.33
Chapati For Staff,Friday,PCS,8250.0,300.0,290.0,10.0,3.45
Chapati For Staff,Sunday,PCS,8250.0,300.0,300.0,0.0,0.0
Cheese Amul,Friday,Kg,8171.52,8.0,12.0,-4.0,-33.33
Cheese Amul,Tuesday,Kg,8171.52,8.0,12.0,-4.0,-33.33
Orange Imp,Wednesday,Kg,8100.0,11.25,13.53846153846154,-2.28846153846154,-16.9
Malai Paneer,Monday,Kg,8060.0,8.666666666666666,8.166666666666668,0.4999999999999982,6.12
Orange Imp,Tuesday,Kg,8046.0,11.175,12.483333333333334,-1.3083333333333336,-10.48
Aquafina Water,Monday,BTL,7970.4,318.0,420.0,-102.0,-24.29
Frappe Powder,Tuesday,PKT,7950.744,8.0,15.333333333333334,-7.333333333333334,-47.83
Tomatos,Sunday,Kg,7920.0,49.5,30.538461538461537,18.961538461538463,62.09
Coconut Milk Powder,Saturday,PKT,7915.068,12.0,12.0,0.0,0.0
Milk 3 Fat,Thursday,PKT,7840.0,28.0,24.25,3.75,15.46
Chicken Breast Bonless,Saturday,Kg,7800.0,8.666666666666666,7.75,0.9166666666666661,11.83
Rawas Fish,Sunday,Kg,7755.0,4.699999999999999,4.300000000000001,0.3999999999999986,9.3
Mutton Big Raan,Friday,Kg,7440.0,6.2,9.428571428571429,-3.2285714285714286,-34.24
Amul Cream,Tuesday,PKT,7380.0,18.0,12.0,6.0,50.0
Orange Imp,Friday,Kg,7380.0,10.25,9.961538461538462,0.2884615384615383,2.9
Milk 3 Fat,Friday,PKT,7280.0,26.0,25.31578947368421,0.6842105263157912,2.7
Milk 3 Fat,Sunday,PKT,7280.0,26.0,26.0,0.0,0.0
Aquafina Water,Friday,BTL,7250.4,600.0,400.0,200.0,50.0
Aquafina Water,Tuesday,BTL,7250.4,600.0,570.0,30.0,5.26
Papad Big,Thursday,PKT,7200.0,10.0,8.0,2.0,25.0
Tomatos,Thursday,Kg,7160.0,35.8,37.28571428571429,-1.4857142857142946,-3.98
Amul Milk,Friday,LTR,7140.0,19.2,32.0,-12.8,-40.0
Black & White,Wednesday,BTL,7111.23,3.0,2.0,1.0,50.0
Amul Milk,Sunday,LTR,7106.4,32.0,26.18181818181818,5.81818181818182,22.22
Amul Milk,Thursday,LTR,7106.4,32.0,21.818181818181817,10.181818181818183,46.67
Kashmiri Chilli,Wednesday,Kg,6930.0,15.0,16.5,-1.5,-9.09
Madagascar Chocolate,Monday,PKT,6873.5,1.0,1.6666666666666667,-0.6666666666666667,-40.0
Tissue Paper Ettarra,Thursday,PKT,6844.0,100.0,150.0,-50.0,-33.33
Tissue Paper Melting Pot,Thursday,PKT,6844.0,100.0,100.0,0.0,0.0
Kabuli Chana,Wednesday,Kg,6825.0,7.0,8.75,-1.75,-20.0
Milk 3 Fat,Monday,PKT,6720.0,24.0,23.941176470588236,0.0588235294117645,0.25
Mutton Big Raan,Wednesday,Kg,6720.0,5.6,7.083333333333334,-1.4833333333333343,-20.94
Tomatos,Saturday,Kg,6720.0,42.0,40.076923076923066,1.923076923076934,4.8
Curd Mother Dairy,Friday,Kg,6652.799999999999,16.0,16.57142857142857,-0.5714285714285694,-3.45
Prawns Frozen 70/80,Monday,Kg,6480.030000000001,6.0,5.0,1.0,20.0
Milk 3 Fat,Tuesday,PKT,6440.0,19.166666666666668,24.062500000000004,-4.895833333333336,-20.35
Kashmiri Chilli Powder,Thursday,PKT,6352.5,5.5,3.5,2.0,57.14
Absolut Vodka,Friday,BTL,6160.86,3.0,6.0,-3.0,-50.0
Cheese Amul,Monday,Kg,6128.64,12.0,12.0,0.0,0.0
Cheese Amul,Thursday,Kg,6128.64,12.0,12.0,0.0,0.0
Ness Coffee,Saturday,PKT,6032.04,2.0,2.5,-0.5,-20.0
Curd Mother Dairy,Monday,Kg,6029.099999999999,19.333333333333332,14.249999999999998,5.083333333333334,35.67
Chicken Breast Bonless,Friday,Kg,6000.0,6.666666666666667,7.0,-0.33333333333333304,-4.76
Black Dal,Wednesday,Kg,5940.0,9.0,7.777777777777778,1.2222222222222223,15.71
Kot Roll,Friday,NOS,5900.0,100.0,112.0,-12.0,-10.71
Eggs,Tuesday,PCS,5850.0,225.0,220.0,5.0,2.27
Curd Mother Dairy,Wednesday,Kg,5821.200000000001,14.0,15.5,-1.5,-9.68
Chapati For Staff,Wednesday,PCS,5775.0,262.5,291.6666666666667,-29.166666666666686,-10.0
Cocoa Powder,Saturday,Kg,5694.1,5.0,5.0,0.0,0.0
Coconut Oil,Wednesday,BTL,5600.0,3.2,4.375,-1.1749999999999998,-26.86
Amul Cream,Monday,PKT,5580.0,9.0,12.0,-3.0,-25.0
Cling Foil,Monday,ROLL,5522.4,6.0,6.0,0.0,0.0
The Glenlivet 12 Years,Friday,BTL,5477.83,1.0,1.0,0.0,0.0
White Urad Dal,Wednesday,Kg,5460.0,30.0,11.666666666666666,18.333333333333336,157.14
Amul Milk,Wednesday,LTR,5443.200000000001,36.0,27.0,9.0,33.33
Demerara Sugar 5 Gm,Tuesday,PKT,5443.2,18.0,1.0,17.0,1700.0
Plastic Cont With Lid 450 Ml Rnd,Thursday,PKT,5380.8,16.0,16.0,0.0,0.0
Plastic Cont With Lid 250 Ml Rnd,Thursday,PKT,5310.0,20.0,20.0,0.0,0.0
Fresh Mushroom,Sunday,Kg,5262.6,7.35,4.892307692307692,2.457692307692308,50.24
After Mint M Pot,Monday,PKT,5250.0,20.0,35.0,-15.0,-42.86
Tomatos,Monday,Kg,5240.0,32.75,48.53846153846154,-15.78846153846154,-32.53
Kingfisher Strong,Friday,BTL,5214.576,48.0,24.0,24.0,100.0
Nutella Sauce,Friday,Kg,5182.56,3.0,3.0,0.0,0.0
Bisleri 250 Ml,Monday,BTL,5039.997,528.0,1072.0,-544.0,-50.75
Oat Milk,Thursday,LTR,5031.0,14.4,9.6,4.800000000000001,50.0
Curd Mother Dairy,Saturday,Kg,4989.6,12.0,15.764705882352942,-3.764705882352942,-23.88
Chicken Supreme,Thursday,Kg,4960.0,3.2,2.888888888888889,0.31111111111111134,10.77
M Fold Tissue,Saturday,PKT,4956.0,46.666666666666664,50.0,-3.3333333333333357,-6.67
Chapati For Staff,Saturday,PCS,4950.0,300.0,300.0,0.0,0.0
Rawas Fish,Tuesday,Kg,4950.0,4.5,4.2,0.2999999999999998,7.14
Amul Milk,Saturday,LTR,4944.0,21.333333333333332,27.0,-5.666666666666668,-20.99
Yellow Banana Chips,Wednesday,Kg,4940.0,13.0,10.0,3.0,30.0
Amul Cream,Friday,PKT,4920.0,12.0,12.0,0.0,0.0
Amul Cream,Saturday,PKT,4920.0,12.0,12.0,0.0,0.0
Peanut Roasted,Saturday,Kg,4863.6,8.333333333333334,7.666666666666667,0.666666666666667,8.7
Medium Prawns,Sunday,Kg,4840.0,2.933333333333333,3.55,-0.6166666666666667,-17.37
Bisleri 250 Ml,Saturday,BTL,4800.0,960.0,960.0,0.0,0.0
Swa Coconut Syrup,Monday,BTL,4798.08,12.0,2.0,10.0,500.0
Swa Hibiscus Cascara Syrup,Monday,BTL,4798.08,12.0,2.0,10.0,500.0
J W Double Black,Friday,BTL,4739.43,1.0,1.0,0.0,0.0
Lemon Iced Tea Syrup,Thursday,LTR,4736.52,6.0,6.0,0.0,0.0
Fresh Beans,Thursday,Kg,4716.0,13.1,11.875,1.2249999999999996,10.32
Appam Rice,Wednesday,Kg,4680.0,30.0,30.0,0.0,0.0
Green Vatana,Wednesday,Kg,4670.0,8.333333333333334,7.222222222222222,1.1111111111111116,15.38
Tomato Ketchup,Tuesday,BTL,4535.709,18.0,11.0,7.0,63.64
Monkey Shoulder,Saturday,BTL,4521.11,1.0,1.0,0.0,0.0
Almond Milk,Monday,PKT,4500.0,30.0,30.0,0.0,0.0
Almond Milk,Thursday,PKT,4500.0,30.0,30.0,0.0,0.0
Aromatic Powder,Saturday,PKT,4498.632,12.0,9.0,3.0,33.33
Amul Milk,Tuesday,LTR,4435.2,30.0,28.363636363636363,1.6363636363636367,5.77
Corona,Saturday,BTL,4374.144,24.0,24.0,0.0,0.0
Hoegaarden Belgian,Saturday,BTL,4374.144,24.0,24.0,0.0,0.0
Tomatos,Tuesday,Kg,4280.0,26.75,23.769230769230774,2.9807692307692264,12.54
Smirnoff,Wednesday,BTL,4266.75,3.0,3.0,0.0,0.0
Wafer Potatos,Sunday,Kg,4154.0,22.25,16.25,6.0,36.92
Silver Foil,Saturday,PCS,4153.599999999999,4.666666666666667,4.75,-0.08333333333333304,-1.75
Chapati For Staff,Monday,PCS,4125.0,250.0,288.46153846153845,-38.46153846153845,-13.33
Chapati For Staff,Tuesday,PCS,4125.0,250.0,284.375,-34.375,-12.09
Ballantine S Finest,Friday,BTL,4111.4400000000005,1.0,1.3333333333333333,-0.33333333333333326,-25.0
Cheese Amul,Saturday,Kg,4085.76,8.0,7.75,0.25,3.23
Potato Starch,Thursday,Kg,4081.201,5.666666666666667,3.6666666666666665,2.0000000000000004,54.55
Medium Prawns,Thursday,Kg,4070.0,3.7,4.233333333333333,-0.5333333333333332,-12.6
Poha,Wednesday,Kg,4030.0,13.0,10.833333333333332,2.166666666666668,20.0
Liquid Soup,Saturday,LTR,3964.8,210.0,122.5,87.5,71.43
Coconut Milk Powder,Sunday,PKT,3957.534,6.0,12.0,-6.0,-50.0
After Mint T One,Tuesday,PKT,3937.5,15.0,10.0,5.0,50.0
Chicken Leg Bonless,Tuesday,Kg,3900.0,6.5,5.685714285714285,0.814285714285715,14.32
Surmay Fish,Thursday,Kg,3850.0,3.5,4.15,-0.6500000000000004,-15.66
Paper Bag Big,Tuesday,NOS,3835.0,500.0,800.0,-300.0,-37.5
Paper Bag Small,Thursday,NOS,3835.0,500.0,500.0,0.0,0.0
Peanut Roasted,Sunday,Kg,3800.0,20.0,12.5,7.5,60.0
Tomatos,Wednesday,Kg,3800.0,19.0,23.615384615384617,-4.615384615384617,-19.54
Yellow Banana Chips,Thursday,Kg,3800.0,10.0,10.0,0.0,0.0
Chicken Supreme,Saturday,Kg,3720.0,4.0,3.1,0.8999999999999999,29.03
Potato,Thursday,Kg,3686.0,19.4,14.07142857142857,5.328571428571429,37.87
Rajma Chitra,Wednesday,Kg,3680.0,4.4,6.090909090909091,-1.6909090909090905,-27.76
Fresh Beans,Friday,Kg,3672.0,12.75,10.26923076923077,2.48076923076923,24.16
Fresh Beans,Sunday,Kg,3672.0,12.75,11.125,1.625,14.61
Char Magaz,Wednesday,Kg,3654.0,6.0,6.333333333333334,-0.3333333333333339,-5.26
Idli Wada,Friday,PCS,3630.001,8.25,7.636363636363637,0.6136363636363633,8.04
Bisleri 250 Ml,Wednesday,BTL,3600.007,720.0,1360.0,-640.0,-47.06
Chicken Breast Bonless,Wednesday,Kg,3600.0,4.0,5.5,-1.5,-27.27
Mango Pickle,Saturday,Kg,3600.0,15.0,15.0,0.0,0.0
Papad Big,Saturday,PKT,3600.0,10.0,10.0,0.0,0.0
Papad Big,Wednesday,PKT,3600.0,10.0,12.5,-2.5,-20.0
Tomatos,Friday,Kg,3600.0,22.5,34.38461538461539,-11.884615384615387,-34.56
Malai Kulfi,Monday,PCS,3540.0,25.0,24.0,1.0,4.17
Potato,Tuesday,Kg,3496.0,23.0,16.076923076923077,6.923076923076923,43.06
Heineken,Friday,BTL,3475.296,24.0,24.0,0.0,0.0
Char Magaz,Saturday,Kg,3465.0,6.0,6.0,0.0,0.0
Kashmiri Chilli Powder,Saturday,PKT,3465.0,3.0,4.0,-1.0,-25.0
Dukes Soda,Thursday,BTL,3455.996,216.0,112.0,104.0,92.86
Tissue Paper Ten One,Thursday,PKT,3422.0,50.0,50.0,0.0,0.0
Cheese Mozzarella,Sunday,Kg,3394.7200000000003,3.5,4.285714285714286,-0.7857142857142856,-18.33
Chana Dal,Wednesday,Kg,3360.0,5.6,5.299999999999999,0.3000000000000007,5.66
Chicken Supreme,Monday,Kg,3255.0,3.5,3.625,-0.125,-3.45
Eggs,Monday,PCS,3250.0,250.0,137.5,112.5,81.82
Medium Prawns,Saturday,Kg,3245.0,1.9666666666666666,3.94,-1.9733333333333334,-50.08
Prawns Frozen 70/80,Saturday,Kg,3240.0,6.0,4.333333333333334,1.666666666666666,38.46
Lemon,Sunday,Kg,3225.0,10.75,10.615384615384615,0.13461538461538503,1.27
Ice,Thursday,Kg,3220.0,92.0,80.0,12.0,15.0
Liquid Soup,Monday,LTR,3209.6,170.0,176.0,-6.0,-3.41
Fresh Beans,Saturday,Kg,3204.0,11.125,9.5,1.625,17.11
Wafer Potatos,Monday,Kg,3204.0,17.25,18.53846153846154,-1.28846153846154,-6.95
Spicy Banana Chips (red),Thursday,Kg,3200.0,10.0,10.0,0.0,0.0
Spicy Banana Chips (red),Wednesday,Kg,3200.0,10.0,10.0,0.0,0.0
Potato,Sunday,Kg,3192.0,21.0,19.53846153846154,1.46153846153846,7.48
Fresh Mushroom,Wednesday,Kg,3186.2,3.56,2.3818181818181814,1.1781818181818187,49.47
Fresh Mushroom,Thursday,Kg,3150.4,4.3999999999999995,3.571428571428572,0.8285714285714274,23.2
Chat Masala,Saturday,PKT,3150.0,20.0,25.0,-5.0,-20.0
Chat Masala,Thursday,PKT,3150.0,20.0,20.0,0.0,0.0
Cucumber,Wednesday,Kg,3150.0,18.0,16.615384615384617,1.3846153846153832,8.33
Lemon,Saturday,Kg,3150.0,10.5,9.461538461538463,1.0384615384615365,10.98
Aquafina Water 500 Ml,Tuesday,BTL,3120.0,480.0,480.0,0.0,0.0
Broccoli,Saturday,Kg,3120.0,4.0,2.923076923076923,1.076923076923077,36.84
Perrier Carbonated Water,Friday,BTL,3083.472,24.0,24.0,0.0,0.0
Dukes Soda,Monday,BTL,3072.001,192.0,144.0,48.0,33.33
Green Elaichi,Saturday,Kg,3045.0,0.5,0.5,0.0,0.0
Broccoli,Thursday,Kg,3022.5,3.1,2.5,0.6000000000000001,24.0
Vanilla Md Ice Cream,Saturday,LTR,3020.232,8.0,5.6,2.4000000000000004,42.86
Cucumber,Sunday,Kg,3010.0,21.5,21.307692307692314,0.1923076923076863,0.9
Fresh Mushroom,Monday,Kg,3007.2,4.2,4.707692307692308,-0.5076923076923077,-10.78
Chilli Pickle,Saturday,Kg,3000.0,10.0,7.5,2.5,33.33
Mutton Big Raan,Tuesday,Kg,3000.0,5.0,10.45,-5.449999999999999,-52.15
Staff Veg,Thursday,Kg,3000.0,15.0,16.07142857142857,-1.0714285714285694,-6.67
Ness Coffee,Tuesday,PKT,2980.98,2.0,2.75,-0.75,-27.27
Potato,Saturday,Kg,2964.0,19.5,17.92307692307692,1.5769230769230802,8.8
Cheese Mozzarella,Saturday,Kg,2956.8,6.0,3.8,2.2,57.89
Garbage Bags,Friday,Kg,2950.0,25.0,24.166666666666668,0.8333333333333321,3.45
Garbage Bags,Sunday,Kg,2950.0,25.0,25.0,0.0,0.0
Garbage Bags,Tuesday,Kg,2950.0,25.0,25.0,0.0,0.0
Ice,Wednesday,Kg,2940.0,84.0,78.75,5.25,6.67
Jeera Whole,Saturday,Kg,2940.0,4.0,6.0,-2.0,-33.33
Jeera Whole,Thursday,Kg,2940.0,8.0,5.5,2.5,45.45
Sweet Lemon,Monday,Kg,2920.0,18.25,5.533333333333333,12.716666666666667,229.82
Cheese Mozzarella,Tuesday,Kg,2909.76,6.0,4.0,2.0,50.0
Cucumber,Thursday,Kg,2905.0,20.75,14.928571428571429,5.821428571428571,39.0
Ice,Saturday,Kg,2905.0,103.75,94.33333333333333,9.416666666666671,9.98
Cream Cheese,Wednesday,Kg,2895.292,4.0,4.0,0.0,0.0
Cream Cheese,Tuesday,Kg,2890.764,4.0,1.5,2.5,166.67
Sheera Rava,Wednesday,Kg,2880.0,12.0,9.583333333333332,2.416666666666668,25.22
Fresh Beans,Monday,Kg,2844.0,9.875,14.192307692307692,-4.317307692307692,-30.42
Salt Tata,Thursday,PKT,2800.0,50.0,50.0,0.0,0.0
Chicken Supreme,Sunday,Kg,2790.0,3.0,4.166666666666667,-1.166666666666667,-28.0
Lemon,Wednesday,Kg,2775.0,7.4,7.708333333333334,-0.30833333333333357,-4.0
Chicken Supreme,Friday,Kg,2770.0,2.25,2.8,-0.5499999999999998,-19.64
Cling Foil,Friday,ROLL,2761.2,6.0,4.5,1.5,33.33
Cling Foil,Tuesday,ROLL,2761.2,6.0,6.0,0.0,0.0
Thums Up,Friday,BTL,2750.004,120.0,80.0,40.0,50.0
Medium Prawns,Tuesday,Kg,2750.0,2.5,5.0,-2.5,-50.0
Pomfret,Monday,Kg,2750.0,2.2,4.3,-2.0999999999999996,-48.84
Ice,Sunday,Kg,2730.0,97.5,89.58333333333334,7.916666666666657,8.84
Bombay Sapphire,Saturday,BTL,2716.19,1.0,1.0,0.0,0.0
Potato,Monday,Kg,2698.0,17.75,17.923076923076927,-0.1730769230769269,-0.97
Red Bull,Friday,CAN,2686.968,24.0,24.0,0.0,0.0
Wafer Potatos,Thursday,Kg,2668.0,19.333333333333332,13.692307692307692,5.6410256410256405,41.2
Pineapple Fruit,Friday,Kg,2664.0,5.55,5.6,-0.04999999999999982,-0.89
Lemon,Friday,Kg,2662.5,8.875,8.961538461538462,-0.08653846153846168,-0.97
Lemon,Thursday,Kg,2662.5,7.1,5.642857142857143,1.4571428571428564,25.82
Kashmiri Chilli Powder,Wednesday,PKT,2660.7219999999998,2.5,3.0,-0.5,-16.67
Butter Croissant Small,Friday,PCS,2656.5,55.0,60.0,-5.0,-8.33
Fresh Mushroom,Saturday,Kg,2649.2,3.7,4.016666666666666,-0.31666666666666554,-7.88
White Pepper Powder,Wednesday,Kg,2640.0,2.2,2.1250000000000004,0.07499999999999973,3.53
Nutella Sauce,Saturday,Kg,2591.28,3.0,3.0,0.0,0.0
Nutella Sauce,Wednesday,Kg,2591.28,3.0,3.0,0.0,0.0
Potato,Friday,Kg,2584.0,17.0,17.461538461538463,-0.46153846153846345,-2.64
Pineapple Fruit,Wednesday,Kg,2580.0,5.375,6.473076923076922,-1.0980769230769223,-16.96
Besan,Wednesday,Kg,2560.0,10.0,10.0,0.0,0.0
Water Melon,Monday,Kg,2560.0,16.0,10.233333333333334,5.766666666666666,56.35
Irish Whisky Jameson Triple Distilled,Friday,BTL,2555.63,1.0,1.6666666666666667,-0.6666666666666667,-40.0
Lemon,Monday,Kg,2550.0,8.5,9.76923076923077,-1.26923076923077,-12.99
Eggs,Friday,PCS,2540.0,200.0,134.99999999999997,65.00000000000003,48.15
Coffee Cup 350 Ml,Tuesday,PCS,2537.0,500.0,2000.0,-1500.0,-75.0
Broccoli,Sunday,Kg,2535.0,3.25,3.4615384615384612,-0.21153846153846123,-6.11
Coriander Leaves,Thursday,Kg,2520.0,7.0,6.428571428571429,0.5714285714285712,8.89
Diet Coke,Monday,CAN,2520.0,72.0,48.0,24.0,50.0
Ice,Friday,Kg,2520.0,90.0,84.61538461538461,5.384615384615387,6.36
Peel Garlic,Friday,Kg,2520.0,7.0,12.200000000000001,-5.200000000000001,-42.62
Chicken Supreme,Wednesday,Kg,2480.0,4.0,3.3333333333333335,0.6666666666666665,20.0
Malai Kulfi,Sunday,PCS,2478.0,35.0,26.0,9.0,34.62
Wafer Potatos,Wednesday,Kg,2478.0,10.6,9.600000000000001,0.9999999999999982,10.42
Amul Cream,Sunday,PKT,2460.0,12.0,15.0,-3.0,-20.0
Amul Cream,Thursday,PKT,2460.0,12.0,12.0,0.0,0.0
Amul Cream,Wednesday,PKT,2460.0,12.0,12.0,0.0,0.0
Ice,Tuesday,Kg,2450.0,87.5,75.76923076923077,11.730769230769226,15.48
Coffee Cups 250 Ml,Tuesday,PCS,2419.0,500.0,2000.0,-1500.0,-75.0
Butter Croissant Small,Tuesday,PCS,2415.0,100.0,91.25,8.75,9.59
Ginger Ale,Saturday,CAN,2405.5969999999998,24.0,24.0,0.0,0.0
Carrots,Friday,Kg,2400.0,15.0,13.769230769230768,1.2307692307692317,8.94
Chawli Dal,Wednesday,Kg,2400.0,5.0,5.0,0.0,0.0
Staff Veg,Friday,Kg,2400.0,15.0,15.0,0.0,0.0
Staff Veg,Monday,Kg,2400.0,15.0,14.615384615384615,0.384615384615385,2.63
Staff Veg,Saturday,Kg,2400.0,15.0,15.0,0.0,0.0
Staff Veg,Sunday,Kg,2400.0,15.0,14.615384615384615,0.384615384615385,2.63
Staff Veg,Tuesday,Kg,2400.0,15.0,15.0,0.0,0.0
Swa Hazelnut Syrup,Monday,BTL,2399.04,6.0,2.0,4.0,200.0
Swa Jamun Kala Khatta Syrup,Monday,BTL,2399.04,6.0,2.0,4.0,200.0
Soya Sauce Llk,Friday,BTL,2391.516,12.0,9.0,3.0,33.33
Soya Sauce Llk,Saturday,BTL,2391.516,12.0,12.0,0.0,0.0
Soya Sauce Llk,Tuesday,BTL,2391.516,12.0,9.0,3.0,33.33
Carrots,Sunday,Kg,2380.0,14.875,13.653846153846155,1.221153846153845,8.94
Cucumber,Saturday,Kg,2380.0,17.0,16.53846153846154,0.4615384615384599,2.79
Ice,Monday,Kg,2380.0,85.0,79.64285714285714,5.357142857142861,6.73
Wafer Potatos,Saturday,Kg,2372.0,12.75,15.23076923076923,-2.48076923076923,-16.29
Blue Curacao Syrup,Thursday,BTL,2368.26,3.0,6.0,-3.0,-50.0
Mojito Mint Syrup,Thursday,BTL,2368.26,3.0,6.0,-3.0,-50.0
Chat Masala,Wednesday,PKT,2362.5,30.0,20.0,10.0,50.0
Pineapple Fruit,Sunday,Kg,2352.0,6.533333333333333,5.461538461538462,1.0717948717948715,19.62
Coconut Big,Wednesday,PCS,2345.0,16.75,20.714285714285715,-3.9642857142857153,-19.14
Cling Foil,Thursday,ROLL,2301.0,5.0,5.0,0.0,0.0
Carrots,Wednesday,Kg,2300.0,11.5,12.500000000000002,-1.0000000000000018,-8.0
Carrots,Saturday,Kg,2280.0,14.25,13.423076923076923,0.8269230769230766,6.16
Garlic Whole,Sunday,Kg,2280.0,3.0,3.8333333333333335,-0.8333333333333335,-21.74
Eggs,Saturday,PCS,2275.0,175.0,155.55555555555554,19.444444444444457,12.5
Coriander Leaves,Saturday,Kg,2268.0,7.875,7.6923076923076925,0.1826923076923075,2.37
Haldi Powder,Thursday,Kg,2268.0,4.0,3.6,0.3999999999999999,11.11
Small Crab Whole,Sunday,Kg,2255.0,8.2,5.1,3.0999999999999996,60.78
Almond Milk,Saturday,PKT,2250.0,30.0,30.0,0.0,0.0
Almond Milk,Sunday,PKT,2250.0,30.0,25.5,4.5,17.65
Almond Milk,Tuesday,PKT,2250.0,30.0,30.0,0.0,0.0
Kitchen King,Friday,PKT,2238.96,6.0,5.0,1.0,20.0
Kitchen King,Sunday,PKT,2238.96,6.0,4.666666666666667,1.333333333333333,28.57
Carrots,Thursday,Kg,2220.0,11.1,11.464285714285712,-0.3642857142857121,-3.18
Eggs,Thursday,PCS,2215.0,175.0,138.88888888888889,36.111111111111114,26.0
Coffee Cup Lid 350 Ml,Tuesday,PCS,2212.0,500.0,2000.0,-1500.0,-75.0
Rich Whip Topping Cream,Saturday,PKT,2208.487,2.5,3.5,-1.0,-28.57
Jeera Whole,Wednesday,Kg,2205.0,6.0,7.0,-1.0,-14.29
Thums Up,Sunday,BTL,2200.003,96.0,48.0,48.0,100.0
Fresh Milk (tabela),Thursday,LTR,2190.0,15.0,10.0,5.0,50.0
Carrots,Monday,Kg,2180.0,13.625,15.461538461538462,-1.8365384615384617,-11.88
Apple,Wednesday,Kg,2178.0,2.42,2.0416666666666665,0.3783333333333334,18.53
Cream Cheese,Sunday,Kg,2171.469,3.0,5.0,-2.0,-40.0
Cucumber,Friday,Kg,2170.0,15.5,15.666666666666666,-0.16666666666666607,-1.06
Wafer Potatos,Friday,Kg,2170.0,11.5,13.384615384615385,-1.884615384615385,-14.08
Potato,Wednesday,Kg,2166.0,11.4,18.461538461538463,-7.061538461538463,-38.25
Fresh Beans,Tuesday,Kg,2160.0,10.0,9.958333333333334,0.041666666666666075,0.42
Fresh Beans,Wednesday,Kg,2160.0,6.0,7.791666666666667,-1.791666666666667,-22.99
Broccoli,Monday,Kg,2145.0,2.75,2.9615384615384612,-0.21153846153846123,-7.14
Pista,Saturday,Kg,2128.0,1.0,0.5,0.5,100.0
Pista,Wednesday,Kg,2128.0,1.0,0.5,0.5,100.0
Veg Oyester Sauce,Friday,BTL,2124.996,12.0,12.0,0.0,0.0
Coriander Leaves,Sunday,Kg,2124.0,7.375,7.6923076923076925,-0.3173076923076925,-4.13
M Fold Tissue,Tuesday,PKT,2124.0,60.0,40.0,20.0,50.0
Spinach,Monday,Kg,2106.0,13.5,12.307692307692307,1.1923076923076934,9.69
Chicken Breast Bonless,Tuesday,Kg,2100.0,7.0,5.666666666666666,1.333333333333334,23.53
Coconut Big,Sunday,PCS,2100.0,20.0,14.555555555555555,5.444444444444445,37.4
Spinach,Saturday,Kg,2067.0,13.25,12.76923076923077,0.48076923076922995,3.77
Spinach,Thursday,Kg,2067.0,10.6,10.642857142857144,-0.04285714285714448,-0.4
Cucumber,Monday,Kg,2065.0,14.75,19.615384615384617,-4.865384615384617,-24.8
Corn Flour,Wednesday,Kg,2049.88,25.0,25.0,0.0,0.0
Broccoli,Wednesday,Kg,2047.5,2.1,1.7307692307692306,0.3692307692307695,21.33
Plastic Cont With Lid 750 Ml Rect,Thursday,PKT,2035.5,6.0,18.0,-12.0,-66.67
Coriander Leaves,Monday,Kg,2016.0,7.0,7.846153846153847,-0.8461538461538467,-10.78
Vanilla Md Ice Cream,Monday,LTR,2013.504,6.0,9.333333333333332,-3.333333333333332,-35.71
Vanilla Md Ice Cream,Tuesday,LTR,2013.504,8.0,8.8,-0.8000000000000007,-9.09
Cheesling,Sunday,TIN,2000.0,2.0,1.75,0.25,14.29
Cheesling,Thursday,TIN,2000.0,2.0,1.6666666666666667,0.33333333333333326,20.0
Cheesling,Tuesday,TIN,2000.0,2.0,1.5,0.5,33.33
Lemon Pickle,Saturday,Kg,2000.0,10.0,10.0,0.0,0.0
Haldi Powder,Saturday,Kg,1984.5,3.5,3.5,0.0,0.0
Apple,Tuesday,Kg,1980.0,2.75,1.946153846153846,0.8038461538461541,41.3
Coriander Leaves,Wednesday,Kg,1980.0,5.5,5.692307692307692,-0.19230769230769162,-3.38
French Fries 9mm,Sunday,PKT,1965.332,1.6666666666666667,2.0,-0.33333333333333326,-16.67
Corn Flour,Sunday,Kg,1960.0,25.0,5.0,20.0,400.0
Lemon,Tuesday,Kg,1950.0,6.5,6.461538461538462,0.038461538461538325,0.6
Pineapple Fruit,Monday,Kg,1944.0,5.3999999999999995,4.9,0.4999999999999991,10.2
Cheese Mozzarella,Thursday,Kg,1939.84,4.0,4.0,0.0,0.0
Paper Straw,Saturday,PKT,1911.0,16.666666666666668,20.0,-3.333333333333332,-16.67
Peanut Roasted,Monday,Kg,1900.0,10.0,13.333333333333334,-3.333333333333334,-25.0
Peanut Roasted,Tuesday,Kg,1900.0,10.0,10.0,0.0,0.0
Black Chana,Wednesday,Kg,1890.0,4.5,5.0,-0.5,-10.0
Jaggery Powder Sachet,Sunday,PKT,1890.0,30.0,26.666666666666668,3.333333333333332,12.5
Sugar 5 Gm,Tuesday,PKT,1890.0,10.0,10.5,-0.5,-4.76
Mixed Pickle 12 Gm,Monday,PCS,1881.6,600.0,500.0,100.0,20.0
White Compound,Monday,Kg,1870.005,5.0,5.0,0.0,0.0
Water Melon,Wednesday,Kg,1864.0,9.32,13.924999999999999,-4.604999999999999,-33.07
Fresh Mushroom,Tuesday,Kg,1861.6,2.6,2.6769230769230767,-0.07692307692307665,-2.87
Cling Foil,Saturday,ROLL,1840.8,4.0,3.75,0.25,6.67
Spinach,Sunday,Kg,1833.0,11.75,11.384615384615385,0.365384615384615,3.21
Coffee Cup Lid 250 Ml,Tuesday,PCS,1829.0,500.0,2000.0,-1500.0,-75.0
Tomato Puree,Wednesday,TIN,1827.84,24.0,14.0,10.0,71.43
Fresh Milk (tabela),Monday,LTR,1825.0,12.5,9.857142857142858,2.6428571428571423,26.81
Fresh Milk (tabela),Saturday,LTR,1825.0,12.5,9.285714285714285,3.2142857142857153,34.62
Fresh Milk (tabela),Sunday,LTR,1825.0,12.5,12.857142857142858,-0.35714285714285765,-2.78
Fresh Milk (tabela),Tuesday,LTR,1825.0,25.0,10.0,15.0,150.0
Tom Yum Cube,Wednesday,PKT,1814.4,12.0,12.0,0.0,0.0
Staff Veg,Wednesday,Kg,1800.0,15.0,15.0,0.0,0.0
Silver Container 450 Ml,Saturday,PKT,1790.8,2.3333333333333335,3.3333333333333335,-1.0,-30.0
Fresh Mushroom,Friday,Kg,1790.0,2.5,3.8307692307692305,-1.3307692307692305,-34.74
Tomato Puree,Thursday,TIN,1774.08,24.0,18.0,6.0,33.33
Peanut Roasted,Thursday,Kg,1747.2,4.0,8.857142857142856,-4.857142857142856,-54.84
Saffron (kesar),Saturday,PKT,1722.0,3.0,4.0,-1.0,-25.0
Water Melon,Saturday,Kg,1704.0,10.65,10.046153846153846,0.6038461538461544,6.01
Haldi Powder,Wednesday,Kg,1701.0,6.0,7.0,-1.0,-14.29
Silver Foil,Monday,PCS,1699.2,6.0,6.0,0.0,0.0
Silver Foil,Thursday,PCS,1699.2,6.0,5.5,0.5,9.09
Silver Foil,Tuesday,PCS,1699.2,6.0,6.0,0.0,0.0
Diet Coke,Friday,CAN,1680.0,48.0,48.0,0.0,0.0
Diet Coke,Thursday,CAN,1680.0,48.0,72.0,-24.0,-33.33
Milk Maid,Tuesday,TIN,1664.28,12.0,9.0,3.0,33.33
Milk Maid,Wednesday,TIN,1664.28,12.0,12.0,0.0,0.0
Milk Maid,Monday,TIN,1663.2,12.0,12.0,0.0,0.0
Broccoli,Friday,Kg,1657.5,2.125,3.153846153846154,-1.0288461538461542,-32.62
Thums Up,Monday,BTL,1650.002,72.0,96.0,-24.0,-25.0
Thums Up,Thursday,BTL,1650.002,72.0,72.0,0.0,0.0
Surmay Fish,Sunday,Kg,1650.0,3.0,3.933333333333333,-0.9333333333333331,-23.73
Water Melon,Tuesday,Kg,1648.0,13.733333333333333,9.258333333333333,4.475,48.33
Olive Oil Extra Virgin,Sunday,BTL,1635.754,2.0,1.0,1.0,100.0
Chicken Tandoori,Thursday,Kg,1632.0,1.7000000000000002,1.8571428571428572,-0.15714285714285703,-8.46
Olive Oil Extra Virgin,Wednesday,BTL,1622.67,2.0,2.0,0.0,0.0
Apple,Monday,Kg,1620.0,2.25,2.2916666666666665,-0.04166666666666652,-1.82
Green Peas,Thursday,PKT,1615.0,3.4,2.833333333333333,0.5666666666666669,20.0
Spinach,Wednesday,Kg,1599.0,8.2,8.692307692307693,-0.4923076923076941,-5.66
Caramel Syrup,Friday,BTL,1578.84,2.0,2.5,-0.5,-20.0
Coconut Syrup,Thursday,BTL,1578.84,2.0,1.0,1.0,100.0
Grenadine Syrup,Thursday,BTL,1578.84,2.0,3.0,-1.0,-33.33
Hazelnut Syrup,Friday,BTL,1578.84,2.0,7.0,-5.0,-71.43
Irish Syrup,Wednesday,BTL,1578.84,2.0,2.0,0.0,0.0
Triple Sec,Thursday,BTL,1578.84,2.0,3.0,-1.0,-33.33
A4 Size Paper,Tuesday,RIM,1570.0,4.5,5.0,-0.5,-10.0
Mixed Pickle 12 Gm,Tuesday,PCS,1568.0,500.0,600.0,-100.0,-16.67
Small Crab Whole,Thursday,Kg,1567.5,5.7,4.3,1.4000000000000004,32.56
Chicken Tandoori,Wednesday,Kg,1560.0,2.1666666666666665,2.625,-0.4583333333333335,-17.46
Aquafina Water 500 Ml,Thursday,BTL,1559.995,240.0,480.0,-240.0,-50.0
Silver Foil,Sunday,PCS,1557.6,6.0,5.166666666666667,0.833333333333333,16.13
Coriander Leaves,Tuesday,Kg,1548.0,5.375,4.3076923076923075,1.0673076923076925,24.78
Capsicum,Saturday,Kg,1534.0,7.375,4.615384615384616,2.759615384615384,59.79
Capsicum,Thursday,Kg,1534.0,5.9,5.071428571428571,0.8285714285714292,16.34
Red Cherry,Monday,TIN,1531.152,6.0,4.0,2.0,50.0
Red Cherry,Thursday,TIN,1531.152,6.0,5.0,1.0,20.0
Dark Compound,Monday,Kg,1529.99,5.0,10.0,-5.0,-50.0
Javantry,Thursday,Kg,1522.5,0.25,0.25,0.0,0.0
Tomato Ketchup,Wednesday,BTL,1519.459,18.0,21.0,-3.0,-14.29
Dalda,Wednesday,Kg,1500.0,3.3333333333333335,3.6,-0.2666666666666666,-7.41
Water Melon,Sunday,Kg,1488.0,9.3,12.461538461538462,-3.161538461538461,-25.37
Small Crab Whole,Tuesday,Kg,1485.0,5.4,6.3,-0.8999999999999995,-14.29
Coriander Leaves,Friday,Kg,1476.0,5.125,7.1923076923076925,-2.0673076923076925,-28.74
Pineapple Fruit,Tuesday,Kg,1464.0,6.1,4.199999999999999,1.9000000000000004,45.24
Potato Starch,Sunday,Kg,1453.806,6.0,5.0,1.0,20.0
Apple,Saturday,Kg,1440.0,2.0,2.0454545454545454,-0.045454545454545414,-2.22
Green Peas,Saturday,PKT,1425.0,2.5,3.5384615384615383,-1.0384615384615383,-29.35
Green Peas,Sunday,PKT,1425.0,3.75,3.2142857142857144,0.5357142857142856,16.67
Iceberg Lettuce,Monday,Kg,1425.0,2.375,1.375,1.0,72.73
M Fold Tissue,Friday,PKT,1416.0,40.0,54.285714285714285,-14.285714285714285,-26.32
M Fold Tissue,Monday,PKT,1416.0,40.0,80.0,-40.0,-50.0
M Fold Tissue,Sunday,PKT,1416.0,40.0,60.0,-20.0,-33.33
Malai Kulfi,Thursday,PCS,1416.0,20.0,25.0,-5.0,-20.0
Skull Cap,Sunday,PKT,1416.0,15.0,6.333333333333334,8.666666666666666,136.84
Toilet Roll,Sunday,PKT,1416.0,40.0,40.0,0.0,0.0
Water Melon,Friday,Kg,1412.0,8.825,11.245833333333334,-2.4208333333333343,-21.53
Water Melon,Thursday,Kg,1402.0,8.7625,9.75,-0.9875000000000007,-10.13
Coconut Big,Thursday,PCS,1400.0,20.0,17.166666666666668,2.833333333333332,16.5
Salt Tata,Wednesday,PKT,1400.0,50.0,50.0,0.0,0.0
Coconut Big,Monday,PCS,1365.0,13.0,15.0,-2.0,-13.33
Pineapple Fruit,Thursday,Kg,1356.0,5.65,6.71111111111111,-1.06111111111111,-15.81
Dolly Paper Big,Saturday,PKT,1332.8,8.5,10.0,-1.5,-15.0
Bell Papper Yellow,Sunday,Kg,1330.0,2.375,2.0384615384615383,0.3365384615384617,16.51
Bell Pepper Red,Sunday,Kg,1330.0,2.375,2.057692307692308,0.31730769230769207,15.42
Green Peas,Monday,PKT,1330.0,2.8,3.6250000000000004,-0.8250000000000006,-22.76
Khichiya Papad,Thursday,PKT,1330.0,5.0,2.0,3.0,150.0
Rich Whip Topping Cream,Wednesday,PKT,1325.091,3.0,2.0,1.0,50.0
Hrt Roll Big,Saturday,NOS,1321.6,4.0,6.0,-2.0,-33.33
Wonton Patta,Saturday,PKT,1320.0,4.0,3.8571428571428568,0.14285714285714324,3.7
Wonton Patta,Sunday,PKT,1320.0,4.0,3.5,0.5,14.29
Elaichi Bananas,Wednesday,Kg,1303.5,2.37,2.7875000000000005,-0.4175000000000004,-14.98
Capsicum,Sunday,Kg,1300.0,6.25,5.769230769230769,0.48076923076923084,8.33
Eggs,Sunday,PCS,1300.0,200.0,162.5,37.5,23.08
Ghee Nandani,Monday,Kg,1300.0,2.0,11.0,-9.0,-81.82
Carrots,Tuesday,Kg,1280.0,8.0,14.192307692307692,-6.192307692307692,-43.63
Almond,Saturday,Kg,1276.8000000000002,0.75,1.5,-0.75,-50.0
Almond,Thursday,Kg,1276.8000000000002,0.75,1.0833333333333335,-0.3333333333333335,-30.77
Olives Black Pitted Kitchen,Thursday,TIN,1272.388,1.5,1.0,0.5,50.0
Bell Papper Yellow,Saturday,Kg,1260.0,2.25,1.8653846153846156,0.38461538461538436,20.62
Bell Pepper Red,Saturday,Kg,1260.0,2.25,1.903846153846154,0.34615384615384603,18.18
Green Corn,Saturday,TIN,1258.32,24.0,24.0,0.0,0.0
Green Corn,Thursday,TIN,1258.32,24.0,24.0,0.0,0.0
Bamboo Shoots,Wednesday,TIN,1254.018,6.0,6.0,0.0,0.0
Spinach,Friday,Kg,1248.0,8.0,11.23076923076923,-3.23076923076923,-28.77
Chicken Supreme,Tuesday,Kg,1240.0,2.0,3.0,-1.0,-33.33
Potato Starch,Wednesday,Kg,1238.16,5.0,5.0,0.0,0.0
Green Peas,Tuesday,PKT,1235.0,3.25,3.0769230769230766,0.17307692307692335,5.63
Shiitake Mushroom,Tuesday,Kg,1233.68,1.0,1.0,0.0,0.0
Tooth Pick 500 Pc,Tuesday,PKT,1232.0,10.0,5.0,5.0,100.0
Cucumber,Tuesday,Kg,1225.0,8.75,17.07692307692308,-8.32692307692308,-48.76
Potato Starch,Friday,Kg,1214.3,10.0,6.2,3.8,61.29
Wooden Spoon,Friday,PKT,1211.124,8.0,10.0,-2.0,-20.0
Small Crab Whole,Saturday,Kg,1210.0,4.4,6.05,-1.6499999999999995,-27.27
Water Chestnuts,Thursday,TIN,1209.468,12.0,11.0,1.0,9.09
Ginger Ale,Sunday,CAN,1205.597,24.0,24.0,0.0,0.0
Tonic Water,Saturday,CAN,1205.597,24.0,24.0,0.0,0.0
Tonic Water,Wednesday,CAN,1205.597,24.0,24.0,0.0,0.0
Water Chestnuts,Friday,TIN,1205.304,12.0,10.5,1.5,14.29
Chicken Tandoori,Sunday,Kg,1200.0,1.6666666666666665,1.6,0.06666666666666643,4.17
Ginger Ale,Friday,CAN,1200.0,24.0,24.0,0.0,0.0
Ginger Ale,Thursday,CAN,1200.0,24.0,24.0,0.0,0.0
Sev,Friday,Kg,1200.0,5.0,5.0,0.0,0.0
Tonic Water,Friday,CAN,1200.0,24.0,24.0,0.0,0.0
Tonic Water,Tuesday,CAN,1200.0,24.0,24.0,0.0,0.0
Caustic Soda,Saturday,PKT,1180.0,5.0,5.333333333333333,-0.33333333333333304,-6.25
Elaichi Bananas,Monday,Kg,1177.0,2.675,2.8307692307692314,-0.15576923076923155,-5.5
Capsicum,Monday,Kg,1170.0,5.625,5.576923076923077,0.04807692307692335,0.86
Bread Crumbs Penko,Tuesday,Kg,1163.1979999999999,4.5,4.0,0.5,12.5
Elaichi Bananas,Tuesday,Kg,1160.5,2.6375,2.3791666666666664,0.25833333333333375,10.86
Everyday Milk Powder,Saturday,PKT,1150.738,2.0,2.0,0.0,0.0
Elaichi Bananas,Friday,Kg,1146.0,2.02,2.937499999999999,-0.9174999999999991,-31.23
Garlic Whole,Monday,Kg,1140.0,3.0,3.1666666666666665,-0.16666666666666652,-5.26
Garlic Whole,Saturday,Kg,1140.0,3.0,3.0,0.0,0.0
Green Peas,Wednesday,PKT,1140.0,3.0,2.75,0.25,9.09
Silver Foil,Friday,PCS,1132.8,4.0,5.833333333333333,-1.833333333333333,-31.43
Plastic Cont With Lid 50 Ml,Tuesday,PKT,1121.0,10.0,10.0,0.0,0.0
Ginger,Monday,Kg,1110.0,3.75,3.0,0.75,25.0
Kaju Whole,Wednesday,Kg,1092.0,1.0,0.5,0.5,100.0
Ginger,Saturday,Kg,1091.5,3.6875,1.9807692307692308,1.7067307692307692,86.17
Tabasco Sauce,Friday,BTL,1089.582,6.0,6.0,0.0,0.0
Tabasco Sauce,Monday,BTL,1085.82,6.0,6.0,0.0,0.0
Silver Container 450 Ml,Friday,PKT,1075.2,4.0,3.6,0.3999999999999999,11.11
Silver Container 450 Ml,Sunday,PKT,1075.2,4.0,3.5,0.5,14.29
Baby Corn,Monday,Kg,1071.0,2.125,2.272727272727273,-0.14772727272727293,-6.5
Malai Kulfi,Friday,PCS,1062.0,30.0,25.0,5.0,20.0
Malai Kulfi,Saturday,PCS,1062.0,30.0,17.77777777777778,12.222222222222221,68.75
Crab Whole Big,Friday,Kg,1050.0,1.0,1.4,-0.3999999999999999,-28.57
Asparagus,Monday,Kg,1040.0,0.5,0.625,-0.125,-20.0
Kaju Whole,Thursday,Kg,1039.5,0.5,0.6,-0.09999999999999998,-16.67
Elaichi Bananas,Thursday,Kg,1023.0,2.3249999999999997,2.4299999999999997,-0.10499999999999998,-4.32
Coconut Big,Saturday,PCS,1015.0,14.5,15.777777777777779,-1.2777777777777786,-8.1
Capsicum,Wednesday,Kg,1014.0,3.9,3.0769230769230775,0.8230769230769224,26.75
Spinach,Tuesday,Kg,1014.0,6.5,6.384615384615385,0.11538461538461497,1.81
Baby Corn,Thursday,Kg,1008.0,1.6,1.0833333333333335,0.5166666666666666,47.69
Tea Light Candle,Tuesday,PKT,1008.0,3.0,4.0,-1.0,-25.0
Vanilla Md Ice Cream,Friday,LTR,1006.752,8.0,7.0,1.0,14.29
Vanilla Md Ice Cream,Thursday,LTR,1006.728,8.0,10.0,-2.0,-20.0
Hazelut,Thursday,Kg,1000.0,0.5,0.5,0.0,0.0
Tea Darjeeling,Monday,PKT,999.0,1.0,2.0,-1.0,-50.0
Tea Darjeeling,Tuesday,PKT,999.0,1.0,1.0,0.0,0.0
Tomato Ketchup,Thursday,BTL,997.54,12.0,17.0,-5.0,-29.41
Garbage Bags Medium,Saturday,NOS,991.2,12.0,12.0,0.0,0.0
Medium Prawns,Friday,Kg,990.0,1.8,3.8333333333333335,-2.033333333333333,-53.04
Hing Powder,Wednesday,BTL,989.1,6.0,2.0,4.0,200.0
Kaju Whole,Saturday,Kg,987.0,1.0,0.5,0.5,100.0
Pillsbury Chocolate Flavour Mix,Monday,Kg,985.91,5.0,5.0,0.0,0.0
Bell Pepper Red,Thursday,Kg,980.0,1.4,1.6607142857142856,-0.2607142857142857,-15.7
Garam Masala,Thursday,Kg,966.0,2.0,1.0,1.0,100.0
Dukes Soda,Tuesday,BTL,960.0,120.0,152.0,-32.0,-21.05
Oreo Biscuit,Friday,PKT,950.0,19.0,20.125,-1.125,-5.59
Oreo Biscuit,Monday,PKT,950.0,23.75,18.333333333333332,5.416666666666668,29.55
Steel Scrubber,Saturday,PCS,948.72,28.0,36.0,-8.0,-22.22
Cauliflower,Thursday,Kg,946.0,4.3,3.6153846153846154,0.6846153846153844,18.94
Baby Corn,Friday,Kg,945.0,1.875,1.9615384615384612,-0.08653846153846123,-4.41
Bell Papper Yellow,Tuesday,Kg,945.0,1.6875,1.096153846153846,0.591346153846154,53.95
Bell Pepper Red,Tuesday,Kg,945.0,1.6875,1.1875,0.5,42.11
Kasuri Methi,Saturday,PKT,945.0,10.0,8.0,2.0,25.0
Kasuri Methi,Thursday,PKT,945.0,10.0,10.0,0.0,0.0
Kasuri Methi,Wednesday,PKT,945.0,10.0,8.0,2.0,25.0
Mustard Oil,Wednesday,BTL,945.0,4.0,4.0,0.0,0.0
Skull Cap,Saturday,PKT,944.0,10.0,10.0,0.0,0.0
Bread Crumbs Penko,Thursday,Kg,941.872,8.0,3.6,4.4,122.22
Capsico Sauce,Thursday,BTL,912.98,12.0,12.0,0.0,0.0
Capsico Sauce,Tuesday,BTL,912.98,12.0,5.0,7.0,140.0
Green Chilly,Sunday,Kg,912.0,4.0,3.0384615384615383,0.9615384615384617,31.65
Bell Papper Yellow,Friday,Kg,910.0,1.625,1.6346153846153848,-0.009615384615384803,-0.59
Bell Papper Yellow,Thursday,Kg,910.0,1.3,1.5357142857142858,-0.23571428571428577,-15.35
Bell Pepper Red,Friday,Kg,910.0,1.625,1.7884615384615385,-0.16346153846153855,-9.14
Bell Pepper Red,Monday,Kg,910.0,1.625,1.7692307692307694,-0.14423076923076938,-8.15
Bell Pepper Red,Wednesday,Kg,910.0,1.3,0.903846153846154,0.3961538461538461,43.83
Apple,Thursday,Kg,900.0,1.6666666666666667,2.090909090909091,-0.4242424242424241,-20.29
Oreo Biscuit,Thursday,PKT,900.0,15.0,18.454545454545457,-3.454545454545457,-18.72
Sambal Oleal Sauce,Thursday,BTL,894.99,5.0,3.0,2.0,66.67
Pineapple Fruit,Saturday,Kg,894.0,3.725,7.4,-3.6750000000000003,-49.66
Ginger,Thursday,Kg,888.0,2.4,2.071428571428571,0.32857142857142874,15.86
Rich Whip Topping Cream,Thursday,PKT,883.396,2.0,2.4,-0.3999999999999999,-16.67
Chopsuey Noodles,Sunday,Kg,880.0,3.6666666666666665,3.0,0.6666666666666665,22.22
Wonton Patta,Thursday,PKT,880.0,2.6666666666666665,3.6,-0.9333333333333336,-25.93
Wonton Patta,Tuesday,PKT,880.0,2.6666666666666665,2.8888888888888884,-0.22222222222222188,-7.69
Idli Wada,Wednesday,PCS,870.0,8.0,7.105263157894737,0.8947368421052628,12.59
Rich Cooking Cream,Wednesday,PKT,851.772,4.0,3.0,1.0,33.33
Almond,Wednesday,Kg,851.2,1.0,1.0,0.0,0.0
Dolly Paper Small,Friday,PKT,849.6,12.0,9.666666666666668,2.333333333333332,24.14
Bell Papper Yellow,Monday,Kg,840.0,1.5,1.7692307692307694,-0.2692307692307694,-15.22
Coconut Big,Friday,PCS,840.0,12.0,17.857142857142858,-5.857142857142858,-32.8
Diet Coke,Saturday,CAN,840.0,24.0,60.0,-36.0,-60.0
Tahina Paste,Tuesday,Kg,834.508,1.0,1.0,0.0,0.0
Hand Gloves Surgical,Friday,PKT,826.0,2.0,2.0,0.0,0.0
Paper Straw,Tuesday,PKT,826.0,20.0,9.0,11.0,122.22
Green Lemon,Tuesday,Kg,825.0,5.5,4.7,0.7999999999999998,17.02
Baby Corn,Sunday,Kg,819.0,1.625,1.5384615384615385,0.08653846153846145,5.62
7 Up,Monday,BTL,816.005,48.0,24.0,24.0,100.0
American Corn,Sunday,Kg,814.0,2.75,2.2083333333333335,0.5416666666666665,24.53
Chicken Masala,Thursday,PKT,812.6999999999999,4.5,4.666666666666667,-0.16666666666666696,-3.57
Elaichi Bananas,Saturday,Kg,808.5,1.8375000000000001,2.972727272727272,-1.135227272727272,-38.19
Silver Container 450 Ml,Monday,PKT,806.4,3.0,3.0,0.0,0.0
Bell Papper Yellow,Wednesday,Kg,805.0,1.15,0.7307692307692307,0.4192307692307692,57.37
Banana Leaf,Saturday,PCS,800.0,25.0,23.07692307692308,1.9230769230769198,8.33
Oreo Biscuit,Tuesday,PKT,800.0,40.0,17.636363636363637,22.363636363636363,126.8
Steam Noodles,Sunday,Kg,800.0,3.3333333333333335,3.0,0.3333333333333335,11.11
Assam Tea,Monday,PKT,799.0,1.0,2.0,-1.0,-50.0
Assam Tea,Tuesday,PKT,799.0,1.0,1.0,0.0,0.0
Pitambari,Monday,PKT,792.96,24.0,20.0,4.0,20.0
Pitambari,Saturday,PKT,792.96,24.0,22.0,2.0,9.09
Register Book,Tuesday,NOS,790.0,4.0,6.0,-2.0,-33.33
Asparagus,Saturday,Kg,780.0,0.75,0.5,0.25,50.0
Broccoli,Tuesday,Kg,780.0,1.0,1.9615384615384615,-0.9615384615384615,-49.02
Veg Mayonnaise,Wednesday,BTL,772.8,6.0,4.666666666666667,1.333333333333333,28.57
Rawas Fish,Thursday,Kg,770.0,1.4,4.166666666666667,-2.766666666666667,-66.4
Green Chilly,Thursday,Kg,769.5,2.7,2.9285714285714284,-0.2285714285714282,-7.8
Cabbage,Thursday,Kg,768.0,4.8,4.230769230769231,0.569230769230769,13.45
Daliya,Wednesday,Kg,768.0,3.0,3.3749999999999996,-0.37499999999999956,-11.11
French Fries 9mm,Tuesday,PKT,764.12,2.0,1.8,0.19999999999999996,11.11
Green Peas,Friday,PKT,760.0,4.0,2.5999999999999996,1.4000000000000004,53.85
Wafer Potatos,Tuesday,Kg,758.0,8.0,9.222222222222221,-1.2222222222222214,-13.25
Khas Khas,Thursday,Kg,756.0,0.5,0.25,0.25,100.0
Mop Refill,Saturday,NOS,755.2,4.0,4.666666666666667,-0.666666666666667,-14.29
Silver Container 750 Ml,Saturday,PKT,755.2,2.0,3.0,-1.0,-33.33
Bombil,Thursday,Kg,750.0,2.5,2.95,-0.4500000000000002,-15.25
Idli Rava,Wednesday,Kg,740.0,7.5,8.333333333333334,-0.8333333333333339,-10.0
Bor Chilli,Wednesday,Kg,735.0,1.0,2.0,-1.0,-50.0
Yellow Chilli Powder,Saturday,Kg,735.0,0.5,0.5,0.0,0.0
Apple,Sunday,Kg,720.0,1.3333333333333333,1.3333333333333335,-2.220446049250313e-16,-0.0
Chinese Cabbage,Thursday,Kg,720.0,1.2,0.576923076923077,0.623076923076923,108.0
Chopsuey Noodles,Tuesday,Kg,720.0,3.0,2.888888888888889,0.11111111111111116,3.85
Green Chilly,Monday,Kg,712.5,3.125,3.076923076923077,0.048076923076922906,1.56
Caustic Soda,Monday,PKT,708.0,6.0,5.0,1.0,20.0
Caustic Soda,Tuesday,PKT,708.0,6.0,5.5,0.5,9.09
Dolly Paper Small,Monday,PKT,708.0,10.0,20.0,-10.0,-50.0
Garbage Bags Small,Sunday,NOS,708.0,12.0,12.0,0.0,0.0
Glucose Liquid,Friday,BTL,708.0,5.0,5.0,0.0,0.0
Cauliflower,Friday,Kg,704.0,4.0,3.0,1.0,33.33
American Corn,Saturday,Kg,703.0,2.375,2.090909090909091,0.28409090909090917,13.59
Coconut Big,Tuesday,PCS,700.0,10.0,11.777777777777777,-1.7777777777777768,-15.09
Eno Regular,Wednesday,BTL,700.0,4.0,4.0,0.0,0.0
Phulka Atta,Wednesday,Kg,700.0,5.0,5.0,0.0,0.0
Spring Onion,Thursday,Kg,700.0,2.8,2.107142857142857,0.6928571428571426,32.88
Baby Corn,Saturday,Kg,693.0,1.8333333333333333,1.5769230769230766,0.2564102564102566,16.26
Hariyali Mawa,Tuesday,Kg,693.0,2.0,1.0,1.0,100.0
Honey,Saturday,BTL,686.028,2.0,2.0,0.0,0.0
Banana Leaf,Friday,PCS,680.0,21.25,23.636363636363637,-2.3863636363636367,-10.1
Banana Leaf,Thursday,PCS,680.0,17.0,15.833333333333332,1.1666666666666679,7.37
Capsicum,Friday,Kg,676.0,3.25,3.7307692307692304,-0.4807692307692304,-12.89
Olives Black Pitted Kitchen,Saturday,TIN,675.864,1.0,1.0,0.0,0.0
Iceberg Lettuce,Saturday,Kg,675.0,2.25,0.9722222222222222,1.2777777777777777,131.43
Iceberg Lettuce,Sunday,Kg,675.0,1.125,1.3181818181818181,-0.19318181818181812,-14.66
Hing Powder,Saturday,BTL,659.4,4.0,6.0,-2.0,-33.33
Hing Powder,Thursday,BTL,659.4,4.0,5.0,-1.0,-20.0
Bread Crumbs Penko,Monday,Kg,654.78,5.0,4.25,0.75,17.65
Bread Crumbs Penko,Wednesday,Kg,654.78,5.0,4.5,0.5,11.11
Butter Scotch Ice Cream,Tuesday,LTR,650.248,4.0,4.0,0.0,0.0
Capsicum,Tuesday,Kg,650.0,3.125,2.5384615384615383,0.5865384615384617,23.11
Spring Onion,Saturday,Kg,650.0,3.25,3.3461538461538463,-0.09615384615384626,-2.87
Spring Onion,Sunday,Kg,650.0,3.25,3.1923076923076925,0.05769230769230749,1.81
Spring Onion,Wednesday,Kg,650.0,2.6,2.1538461538461537,0.44615384615384635,20.71
Nature Jaggery,Saturday,PKT,642.5999999999999,4.5,3.5,1.0,28.57
Banana Leaf,Sunday,PCS,640.0,20.0,23.846153846153843,-3.846153846153843,-16.13
Banana Leaf,Tuesday,PCS,640.0,20.0,17.307692307692307,2.6923076923076934,15.56
Banana Leaf,Wednesday,PCS,640.0,16.0,20.0,-4.0,-20.0
Green Zucchini,Sunday,Kg,638.0,1.375,1.409090909090909,-0.03409090909090895,-2.42
Castor Sugar,Wednesday,Kg,630.0,5.0,8.333333333333332,-3.333333333333332,-40.0
Kishmish,Thursday,Kg,630.0,1.0,0.875,0.125,14.29
Kokum,Thursday,Kg,630.0,1.0,1.0,0.0,0.0
Cheese Mascarpone,Monday,Kg,628.066,0.8,1.0,-0.19999999999999996,-20.0
Green Chilly,Saturday,Kg,627.0,2.75,3.230769230769231,-0.48076923076923084,-14.88
Green Chilly,Tuesday,Kg,627.0,2.75,2.6153846153846154,0.13461538461538458,5.15
Green Chilly,Wednesday,Kg,627.0,2.2,2.8846153846153846,-0.6846153846153844,-23.73
White Vinegar,Friday,BTL,625.944,6.0,6.0,0.0,0.0
Chicken Tandoori,Tuesday,Kg,624.0,2.6,2.4,0.20000000000000018,8.33
Chilli Sauce,Tuesday,BTL,623.66,12.0,6.0,6.0,100.0
Avocado Imp,Friday,Kg,616.0,0.7,0.6000000000000001,0.09999999999999987,16.67
Dolly Paper Small,Saturday,PKT,616.0,10.0,19.0,-9.0,-47.37
Cabbage,Monday,Kg,608.0,4.75,4.384615384615384,0.36538461538461586,8.33
Chinese Cabbage,Saturday,Kg,600.0,1.25,0.8461538461538461,0.40384615384615385,47.73
Chinese Cabbage,Sunday,Kg,600.0,1.25,0.9166666666666666,0.33333333333333337,36.36
Khichiya Papad,Friday,PKT,600.0,6.0,5.0,1.0,20.0
Spring Onion,Monday,Kg,600.0,3.0,2.4230769230769234,0.5769230769230766,23.81
Havmor Chocolate Ice Cream,Saturday,LTR,599.995,5.0,5.0,0.0,0.0
Sweet Corn Cream,Wednesday,TIN,595.75,8.0,6.0,2.0,33.33
American Corn,Monday,Kg,592.0,2.0,2.3846153846153846,-0.3846153846153846,-16.13
Caustic Soda,Friday,PKT,590.0,5.0,5.0,0.0,0.0
Plastic Cont With Lid 30 Ml,Saturday,PKT,590.0,10.0,10.0,0.0,0.0
Plastic Cont With Lid 30 Ml,Tuesday,PKT,590.0,10.0,10.0,0.0,0.0
Bombil,Sunday,Kg,585.0,3.9,3.8,0.10000000000000009,2.63
Green Zucchini,Saturday,Kg,580.0,1.25,1.1500000000000001,0.09999999999999987,8.7
Idli Wada,Monday,PCS,580.0,8.0,7.615384615384616,0.38461538461538414,5.05
Idli Wada,Tuesday,PCS,580.0,8.0,9.352941176470589,-1.3529411764705888,-14.47
Yellow Zucchini,Saturday,Kg,580.0,1.25,1.0454545454545454,0.20454545454545459,19.57
Apple,Friday,Kg,576.0,1.6,1.8636363636363638,-0.26363636363636367,-14.15
Sweet Lemon,Tuesday,Kg,576.0,7.2,7.0,0.20000000000000018,2.86
Spring Onion,Friday,Kg,575.0,2.875,2.769230769230769,0.10576923076923084,3.82
Strawberry Ice Cream,Tuesday,LTR,570.012,4.0,4.0,0.0,0.0
Green Chilly,Friday,Kg,570.0,2.5,2.769230769230769,-0.26923076923076916,-9.72
Millennium Kulfi,Saturday,PCS,566.4,12.0,12.0,0.0,0.0
Skull Cap,Friday,PKT,566.4,6.0,9.0,-3.0,-33.33
Steel Scrubber,Monday,PCS,566.4,24.0,18.0,6.0,33.33
Havmor Butterscotch Ice Cream,Saturday,LTR,560.005,5.0,5.0,0.0,0.0
Brinjal Big,Sunday,Kg,560.0,2.3333333333333335,2.0,0.3333333333333335,16.67
Chopsuey Noodles,Friday,Kg,560.0,3.5,4.0,-0.5,-12.5
Imli,Thursday,Kg,560.0,2.0,2.2,-0.20000000000000018,-9.09
Bombil,Tuesday,Kg,555.0,3.7,3.0,0.7000000000000002,23.33
Rice Atta,Wednesday,Kg,550.0,5.0,5.0,0.0,0.0
Celery Leaves,Wednesday,Kg,540.0,0.9,0.6136363636363636,0.2863636363636364,46.67
Chilli Sauce,Wednesday,BTL,534.688,10.0,11.0,-1.0,-9.09
Methi Fresh,Monday,Kg,528.0,2.75,2.1923076923076925,0.5576923076923075,25.44
Snow Peas,Saturday,Kg,525.0,0.25,0.25,0.0,0.0
Snow Peas,Sunday,Kg,525.0,0.25,0.25,0.0,0.0
Snow Peas,Wednesday,Kg,525.0,0.25,0.28125,-0.03125,-11.11
Green Zucchini,Monday,Kg,522.0,1.125,0.9615384615384615,0.16346153846153855,17.0
Pok Choy,Thursday,Kg,522.0,0.9,0.7857142857142858,0.11428571428571421,14.55
Asparagus,Sunday,Kg,520.0,0.5,0.6666666666666666,-0.16666666666666663,-25.0
Ginger,Friday,Kg,518.0,1.75,1.923076923076923,-0.1730769230769229,-9.0
Ginger,Sunday,Kg,518.0,1.75,2.1538461538461537,-0.40384615384615374,-18.75
Cabbage,Wednesday,Kg,512.0,3.2,2.8000000000000003,0.3999999999999999,14.29
Sambhar Masala,Friday,PKT,511.358,4.5,4.0,0.5,12.5
Muskmelon,Wednesday,Kg,511.0,2.433333333333333,1.8,0.6333333333333331,35.19
Celery Leaves,Monday,Kg,510.0,1.0625,0.7708333333333333,0.29166666666666674,37.84
Bread Crumbs Penko,Sunday,Kg,507.572,4.0,4.0,0.0,0.0
Avocado Imp,Saturday,Kg,504.0,0.6,0.5,0.09999999999999998,20.0
Baby Corn,Tuesday,Kg,504.0,1.3333333333333333,1.2272727272727273,0.10606060606060597,8.64
Baby Corn,Wednesday,Kg,504.0,1.0,0.8888888888888888,0.11111111111111116,12.5
Sada Mawa,Saturday,Kg,504.0,0.75,0.5833333333333334,0.16666666666666663,28.57
Bread Crumbs Penko,Saturday,Kg,502.528,4.0,5.333333333333333,-1.333333333333333,-25.0
Spring Onion,Tuesday,Kg,500.0,2.5,2.1153846153846154,0.3846153846153846,18.18
Nature Jaggery,Thursday,PKT,499.8,3.5,3.8,-0.2999999999999998,-7.89
Havmor Vanilla Ice Cream,Saturday,LTR,496.002,5.0,5.0,0.0,0.0
Roasted Almond Slice Kulfi,Sunday,PCS,495.6,10.0,5.0,5.0,100.0
Cauliflower,Sunday,Kg,484.0,2.75,2.5416666666666665,0.20833333333333348,8.2
Badi Sunf,Thursday,Kg,483.0,2.0,1.5,0.5,33.33
Banana Leaf,Monday,PCS,480.0,15.0,17.5,-2.5,-14.29
Chopsuey Noodles,Saturday,Kg,480.0,2.0,3.5714285714285716,-1.5714285714285716,-44.0
Chopsuey Noodles,Thursday,Kg,480.0,2.0,3.666666666666667,-1.666666666666667,-45.45
Chopsuey Noodles,Wednesday,Kg,480.0,3.0,2.0,1.0,50.0
Steam Noodles,Saturday,Kg,480.0,2.0,2.8,-0.7999999999999998,-28.57
Steam Noodles,Thursday,Kg,480.0,2.0,3.0,-1.0,-33.33
Steam Noodles,Tuesday,Kg,480.0,2.0,3.0,-1.0,-33.33
Sambhar Masala,Saturday,PKT,478.8,6.0,6.0,0.0,0.0
Gulab Badam Slice Kulfi,Thursday,PCS,472.0,10.0,10.0,0.0,0.0
Wafer Chips,Sunday,PKT,470.0,2.0,2.0,0.0,0.0
Cabbage,Saturday,Kg,464.0,3.625,4.076923076923077,-0.45192307692307665,-11.08
Pok Choy,Sunday,Kg,464.0,1.0,0.9615384615384615,0.03846153846153855,4.0
Yellow Zucchini,Sunday,Kg,464.0,1.0,1.3499999999999999,-0.34999999999999987,-25.93
Black Pepper Whole,Saturday,Kg,462.0,0.5,0.5,0.0,0.0
Black Pepper Whole,Thursday,Kg,462.0,0.5,0.5,0.0,0.0
Cauliflower,Saturday,Kg,462.0,2.625,2.541666666666667,0.08333333333333304,3.28
Capsico Sauce,Friday,BTL,461.26,6.0,12.0,-6.0,-50.0
Capsico Sauce,Wednesday,BTL,461.26,6.0,12.0,-6.0,-50.0
Sabudana,Wednesday,Kg,450.0,5.0,4.2,0.7999999999999998,19.05
Wafer Chips,Friday,PKT,450.0,2.0,2.3333333333333335,-0.3333333333333335,-14.29
Wafer Chips,Saturday,PKT,450.0,2.0,2.0,0.0,0.0
Wafer Chips,Thursday,PKT,450.0,2.0,2.0,0.0,0.0
Wafer Chips,Wednesday,PKT,450.0,2.0,2.0,0.0,0.0
Cabbage,Sunday,Kg,448.0,3.5,4.1923076923076925,-0.6923076923076925,-16.51
Sweet Corn Cream,Monday,TIN,446.812,6.0,6.0,0.0,0.0
Rai,Saturday,Kg,446.25,2.5,1.5,1.0,66.67
Ginger,Tuesday,Kg,444.0,1.5,2.1153846153846154,-0.6153846153846154,-29.09
Teriyaki Sauce,Friday,BTL,443.184,2.0,2.0,0.0,0.0
Papaya,Monday,Kg,442.0,2.7625,2.92,-0.15749999999999975,-5.39
Papaya,Wednesday,Kg,442.0,2.21,3.1923076923076925,-0.9823076923076925,-30.77
Dhaniya Whole,Thursday,Kg,441.0,1.5,2.0,-0.5,-25.0
Cauliflower,Monday,Kg,440.0,2.5,4.3076923076923075,-1.8076923076923075,-41.96
Wonton Patta,Wednesday,PKT,440.0,4.0,2.0,2.0,100.0
Khajur,Thursday,Kg,436.8,3.0,2.6666666666666665,0.3333333333333335,12.5
Peanut Roasted,Wednesday,Kg,436.8,2.0,3.0,-1.0,-33.33
Papaya,Sunday,Kg,432.0,2.6999999999999997,2.566666666666667,0.13333333333333286,5.19
Sweet Corn Cream,Friday,TIN,430.484,6.0,5.333333333333333,0.666666666666667,12.5
Ginger,Wednesday,Kg,428.0,1.1,1.7083333333333333,-0.6083333333333332,-35.61
Muskmelon,Sunday,Kg,427.0,2.0333333333333337,2.541666666666667,-0.5083333333333333,-20.0
Rich Cooking Cream,Thursday,PKT,425.886,2.0,3.0,-1.0,-33.33
Peri Peri Masala,Wednesday,Kg,421.736,1.0,2.0,-1.0,-50.0
Imli,Saturday,Kg,420.0,1.5,2.0,-0.5,-25.0
Papaya,Saturday,Kg,420.0,3.5,2.618181818181818,0.8818181818181818,33.68
Star Fool,Thursday,Kg,420.0,0.5,0.5,0.0,0.0
Star Fool,Wednesday,Kg,420.0,0.5,0.5,0.0,0.0
Penne Pasta,Wednesday,PKT,414.624,4.0,4.0,0.0,0.0
Paper Straw,Thursday,PKT,413.0,10.0,20.0,-10.0,-50.0
7 Up,Thursday,BTL,408.002,24.0,24.0,0.0,0.0
7 Up,Tuesday,BTL,408.002,24.0,24.0,0.0,0.0
Pepsi,Monday,BTL,408.002,24.0,24.0,0.0,0.0
Pepsi,Tuesday,BTL,408.002,24.0,24.0,0.0,0.0
American Corn,Friday,Kg,407.0,1.375,2.2727272727272725,-0.8977272727272725,-39.5
American Corn,Thursday,Kg,407.0,1.1,1.6666666666666665,-0.5666666666666664,-34.0
Green Zucchini,Friday,Kg,406.0,0.875,1.0416666666666667,-0.16666666666666674,-16.0
Green Zucchini,Thursday,Kg,406.0,0.875,1.1666666666666667,-0.29166666666666674,-25.0
Pok Choy,Saturday,Kg,406.0,0.875,1.0384615384615385,-0.16346153846153855,-15.74
Yellow Zucchini,Friday,Kg,406.0,1.1666666666666667,0.9230769230769231,0.2435897435897436,26.39
Yellow Zucchini,Monday,Kg,406.0,1.1666666666666667,0.8461538461538461,0.3205128205128206,37.88
Yellow Zucchini,Thursday,Kg,406.0,0.875,1.05,-0.17500000000000004,-16.67
Paper Straw,Sunday,PKT,403.2,12.0,10.0,2.0,20.0
Oreo Biscuit,Saturday,PKT,400.0,20.0,15.0,5.0,33.33
Pomegranate (anar),Tuesday,Kg,400.0,1.0,0.5,0.5,100.0
White Phenyle,Monday,LTR,396.48,12.0,9.75,2.25,23.08
White Phenyle,Tuesday,LTR,396.48,12.0,11.0,1.0,9.09
French Fries 9mm,Thursday,PKT,393.064,1.0,1.5,-0.5,-33.33
Pineapple Juice,Friday,PKT,392.28,4.0,36.0,-32.0,-88.89
Raddish,Wednesday,Kg,391.0,2.875,2.5,0.375,15.0
Pineapple Slice,Wednesday,TIN,390.768,4.0,3.0,1.0,33.33
Idli Wada,Thursday,PCS,390.0,8.0,8.333333333333334,-0.3333333333333339,-4.0
Tofu,Tuesday,Kg,390.0,0.75,0.8333333333333334,-0.08333333333333337,-10.0
Cabbage,Friday,Kg,384.0,3.0,3.846153846153846,-0.8461538461538458,-22.0
Cabbage,Tuesday,Kg,384.0,3.0,3.75,-0.75,-20.0
Chicken Tandoori,Friday,Kg,384.0,1.6,2.35,-0.75,-31.91
Chicken Tandoori,Saturday,Kg,384.0,1.6,1.7,-0.09999999999999987,-5.88
Methi Fresh,Friday,Kg,384.0,2.0,1.7692307692307692,0.23076923076923084,13.04
Methi Fresh,Sunday,Kg,384.0,2.0,2.107142857142857,-0.1071428571428572,-5.08
Chicken Carcass (haddi),Thursday,Kg,380.0,6.333333333333333,5.875000000000001,0.45833333333333215,7.8
Fresh Basil,Sunday,Kg,378.0,0.75,0.6818181818181819,0.06818181818181812,10.0
Mop Refill,Friday,NOS,377.6,4.0,4.2,-0.20000000000000018,-4.76
Mop Refill,Sunday,NOS,377.6,4.0,2.0,2.0,100.0
Tomato Ketchup Sachet,Friday,PKT,377.194,5.0,4.0,1.0,25.0
Bread Crumbs Penko,Friday,Kg,376.647,3.0,4.4,-1.4000000000000004,-31.82
Orange Marmalade 15gm,Tuesday,PKT,375.2,100.0,100.0,0.0,0.0
Avocado Imp,Monday,Kg,375.0,0.5,0.75,-0.25,-33.33
Avocado Imp,Wednesday,Kg,375.0,0.5,0.5,0.0,0.0
8 To 9 Sauce,Wednesday,BTL,373.878,6.0,8.0,-2.0,-25.0
American Corn,Wednesday,Kg,370.0,1.6666666666666667,1.1363636363636365,0.5303030303030303,46.67
Ginger & Lime Cordial,Wednesday,BTL,369.6,2.0,2.0,0.0,0.0
Mix Fruit Jam 15 Gm,Tuesday,PCS,364.0,100.0,100.0,0.0,0.0
Meat Masala,Thursday,PKT,361.2,4.0,4.0,0.0,0.0
Celery Leaves,Thursday,Kg,360.0,0.6,0.8653846153846154,-0.26538461538461544,-30.67
Chinese Cabbage,Monday,Kg,360.0,0.75,0.7916666666666667,-0.04166666666666674,-5.26
Sev,Saturday,Kg,360.0,1.5,5.0,-3.5,-70.0
Cranberry Juice,Saturday,LTR,358.779,3.0,3.0,0.0,0.0
Red Cabbage,Thursday,Kg,356.0,1.0,1.0,0.0,0.0
Paper Straw,Monday,PKT,354.0,10.0,40.0,-30.0,-75.0
Churma Atta,Wednesday,Kg,350.0,5.0,5.0,0.0,0.0
Mint Leaves,Thursday,Kg,350.0,1.4,1.0,0.3999999999999999,40.0
Pok Choy,Friday,Kg,348.0,0.75,0.9999999999999999,-0.2499999999999999,-25.0
Pok Choy,Monday,Kg,348.0,0.75,0.9230769230769231,-0.17307692307692313,-18.75
Pok Choy,Tuesday,Kg,348.0,0.75,0.7916666666666666,-0.04166666666666663,-5.26
Pok Choy,Wednesday,Kg,348.0,0.6,0.5,0.09999999999999998,20.0
Hariyali Mawa,Sunday,Kg,346.5,1.0,2.0,-1.0,-50.0
Dhaniya Powder,Thursday,Kg,336.0,2.0,2.0,0.0,0.0
Kishmish,Saturday,Kg,336.0,1.0,1.0,0.0,0.0
Methi Fresh,Saturday,Kg,336.0,1.75,1.9230769230769231,-0.17307692307692313,-9.0
Muskmelon,Friday,Kg,336.0,2.4,1.9785714285714286,0.42142857142857126,21.3
Sada Mawa,Monday,Kg,336.0,0.5,1.0,-0.5,-50.0
Sada Mawa,Thursday,Kg,336.0,0.5,0.625,-0.125,-20.0
Soya Keema,Wednesday,Kg,330.0,3.0,3.8,-0.7999999999999998,-21.05
Fresh Basil,Thursday,Kg,327.6,0.48749999999999993,0.7090909090909091,-0.22159090909090917,-31.25
Fresh Red Chilly,Monday,Kg,325.0,0.625,0.5153846153846153,0.10961538461538467,21.27
Fresh Red Chilly,Thursday,Kg,325.0,0.5,0.5,0.0,0.0
Brinjal Big,Monday,Kg,320.0,2.0,2.2222222222222223,-0.22222222222222232,-10.0
Chicken Carcass (haddi),Friday,Kg,320.0,8.0,6.4,1.5999999999999996,25.0
Steam Noodles,Friday,Kg,320.0,4.0,2.75,1.25,45.45
Steam Noodles,Wednesday,Kg,320.0,2.0,3.0,-1.0,-33.33
Mint Leaves,Wednesday,Kg,312.5,1.25,1.0769230769230769,0.17307692307692313,16.07
Methi Fresh,Thursday,Kg,312.0,1.3,1.8076923076923077,-0.5076923076923077,-28.09
Sesame Oil,Friday,BTL,308.154,1.0,1.0,0.0,0.0
Avocado Imp,Tuesday,Kg,308.0,0.35,0.6,-0.25,-41.67
Celery Leaves,Sunday,Kg,300.0,0.625,0.9318181818181819,-0.3068181818181819,-32.93
Chinese Cabbage,Friday,Kg,300.0,0.8333333333333334,0.9230769230769231,-0.08974358974358976,-9.72
Chinese Cabbage,Tuesday,Kg,300.0,0.8333333333333334,0.75,0.08333333333333337,11.11
Iceberg Lettuce,Wednesday,Kg,300.0,1.0,1.0416666666666665,-0.04166666666666652,-4.0
Mint Leaves,Friday,Kg,300.0,1.5,1.2115384615384617,0.2884615384615383,23.81
Ukda Rice Brown,Thursday,Kg,296.0,3.7,2.0,1.7000000000000002,85.0
Sweet Corn Cream,Thursday,TIN,294.56,4.0,4.0,0.0,0.0
Dhaniya Whole,Wednesday,Kg,294.0,2.0,1.5,0.5,33.33
Fresh Basil,Monday,Kg,294.0,0.875,0.75,0.125,16.67
Fresh Basil,Wednesday,Kg,294.0,0.875,0.4375,0.4375,100.0
Khajur,Saturday,Kg,291.2,2.0,3.0,-1.0,-33.33
Khajur,Wednesday,Kg,291.2,2.0,3.0,-1.0,-33.33
Idli Wada,Saturday,PCS,290.0,8.0,8.333333333333336,-0.3333333333333357,-4.0
Nature Jaggery,Wednesday,PKT,285.6,4.0,4.0,0.0,0.0
Drum Stick,Friday,Kg,285.0,1.5,1.0,0.5,50.0
Drum Stick,Wednesday,Kg,285.0,1.5,1.3333333333333333,0.16666666666666674,12.5
Steel Scrubber,Friday,PCS,283.2,24.0,23.42857142857143,0.5714285714285694,2.44
Papaya,Friday,Kg,280.0,2.3333333333333335,2.933333333333333,-0.5999999999999996,-20.45
Sweet Potato,Thursday,Kg,280.0,2.0,2.0,0.0,0.0
Laung,Saturday,Kg,275.625,0.25,0.5,-0.25,-50.0
Chicken Masala,Saturday,PKT,270.9,3.0,4.0,-1.0,-25.0
Celery Leaves,Friday,Kg,270.0,0.5625,0.9423076923076923,-0.3798076923076923,-40.31
Celery Leaves,Saturday,Kg,270.0,0.5625,0.7499999999999999,-0.1874999999999999,-25.0
Rai,Wednesday,Kg,267.75,3.0,2.0,1.0,50.0
Cauliflower,Wednesday,Kg,264.0,1.5,2.5555555555555554,-1.0555555555555554,-41.3
Snow Peas,Thursday,Kg,262.5,0.25,0.25,0.0,0.0
Asparagus,Thursday,Kg,260.0,0.5,0.5,0.0,0.0
Chicken Carcass (haddi),Wednesday,Kg,260.0,4.333333333333333,5.25,-0.916666666666667,-17.46
Fresh Red Chilly,Friday,Kg,260.0,0.5,0.5454545454545454,-0.045454545454545414,-8.33
Fresh Red Chilly,Saturday,Kg,260.0,0.5,0.5384615384615384,-0.038461538461538436,-7.14
Fresh Red Chilly,Sunday,Kg,260.0,0.5,0.5,0.0,0.0
Fresh Red Chilly,Tuesday,Kg,260.0,0.5,0.5,0.0,0.0
Fresh Red Chilly,Wednesday,Kg,260.0,0.5,0.5,0.0,0.0
Tofu,Friday,Kg,260.0,1.0,1.0,0.0,0.0
Muskmelon,Tuesday,Kg,259.0,1.85,2.6149999999999998,-0.7649999999999997,-29.25
Steel Scrubber,Tuesday,PCS,254.88,24.0,24.0,0.0,0.0
Check Duster,Monday,PCS,252.0,24.0,20.0,4.0,20.0
Check Duster,Saturday,PCS,252.0,24.0,20.0,4.0,20.0
Check Duster,Tuesday,PCS,252.0,24.0,18.0,6.0,33.33
Floor Duster,Monday,NOS,252.0,24.0,18.0,6.0,33.33
Floor Duster,Saturday,NOS,252.0,24.0,16.0,8.0,50.0
Floor Duster,Tuesday,NOS,252.0,24.0,15.0,9.0,60.0
Fresh Basil,Saturday,Kg,252.0,0.375,0.625,-0.25,-40.0
Muskmelon,Monday,Kg,252.0,1.8,2.6666666666666665,-0.8666666666666665,-32.5
Jalepenos Slice,Thursday,TIN,247.206,1.0,1.0,0.0,0.0
Jalepenos Slice,Tuesday,TIN,247.206,1.0,1.0,0.0,0.0
Baby Potato,Saturday,Kg,240.0,1.6666666666666667,1.4,0.26666666666666683,19.05
Methi Fresh,Wednesday,Kg,240.0,1.25,1.409090909090909,-0.15909090909090895,-11.29
Rajma Chitra,Thursday,Kg,240.0,1.0,5.666666666666666,-4.666666666666666,-82.35
Sweet Chilly Sauce,Monday,BTL,238.392,1.0,1.0,0.0,0.0
Raddish,Monday,Kg,238.0,2.3333333333333335,2.5,-0.16666666666666652,-6.67
Drum Stick,Sunday,Kg,237.5,1.25,1.0,0.25,25.0
Mint Leaves,Tuesday,Kg,237.5,1.1875,0.8076923076923077,0.3798076923076923,47.02
Gulab Badam Slice Kulfi,Monday,PCS,236.0,5.0,10.0,-5.0,-50.0
Green Zucchini,Wednesday,Kg,232.0,0.5,0.5,0.0,0.0
Yellow Zucchini,Wednesday,Kg,232.0,0.5,0.5,0.0,0.0
Lady Finger,Sunday,Kg,230.0,1.6666666666666665,1.3636363636363635,0.303030303030303,22.22
Lady Finger,Thursday,Kg,230.0,1.6666666666666667,1.7142857142857142,-0.04761904761904745,-2.78
Green Lemon,Wednesday,Kg,225.0,3.0,5.833333333333333,-2.833333333333333,-48.57
Iceberg Lettuce,Thursday,Kg,225.0,0.5,1.40625,-0.90625,-64.44
Iceberg Lettuce,Tuesday,Kg,225.0,1.5,1.0,0.5,50.0
Mint Leaves,Monday,Kg,225.0,1.125,1.3846153846153846,-0.2596153846153846,-18.75
Mint Leaves,Saturday,Kg,225.0,1.125,1.2884615384615385,-0.16346153846153855,-12.69
American Corn,Tuesday,Kg,222.0,1.0,1.2999999999999998,-0.2999999999999998,-23.08
Cauliflower,Tuesday,Kg,220.0,1.25,4.611111111111111,-3.3611111111111107,-72.89
Wonton Patta,Friday,PKT,220.0,2.0,3.2500000000000004,-1.2500000000000004,-38.46
Wonton Patta,Monday,PKT,220.0,2.0,3.166666666666667,-1.166666666666667,-36.84
Parsley Leaves,Wednesday,Kg,218.4,0.26666666666666666,0.475,-0.20833333333333331,-43.86
Kesar Pista Kulfi,Sunday,PCS,218.3,5.0,5.0,0.0,0.0
Kesar Pista Kulfi,Thursday,PCS,218.3,5.0,5.0,0.0,0.0
Red Pumpkin,Monday,Kg,216.0,4.0,4.5,-0.5,-11.11
Bhavnagri Chilly,Sunday,Kg,210.0,1.5,0.875,0.625,71.43
Fresh Basil,Friday,Kg,210.0,0.625,0.8,-0.17500000000000004,-21.88
White Vinegar,Saturday,BTL,208.648,6.0,12.0,-6.0,-50.0
Chicken Carcass (haddi),Monday,Kg,200.0,10.0,5.75,4.25,73.91
Chicken Carcass (haddi),Sunday,Kg,200.0,10.0,6.166666666666667,3.833333333333333,62.16
Mint Leaves,Sunday,Kg,200.0,1.0,1.4423076923076923,-0.4423076923076923,-30.67
Small Brinjel,Sunday,Kg,200.0,1.25,0.875,0.375,42.86
White Butter,Sunday,Kg,200.0,0.5,0.25,0.25,100.0
Spaghetti Pasta,Wednesday,PKT,198.508,2.0,2.0,0.0,0.0
Ghati Masala,Tuesday,Kg,198.0,0.6,1.0,-0.4,-40.0
Baby Potato,Wednesday,Kg,192.0,1.3333333333333333,1.5714285714285714,-0.23809523809523814,-15.15
Methi Fresh,Tuesday,Kg,192.0,2.0,1.0,1.0,100.0
Kokam Syrup,Wednesday,BTL,190.4,2.0,2.0,0.0,0.0
Ragi Atta,Wednesday,Kg,190.0,2.0,3.0,-1.0,-33.33
Rose Water,Tuesday,BTL,189.45,5.0,2.0,3.0,150.0
Bean Sprouts,Thursday,Kg,189.0,0.3,0.3214285714285714,-0.021428571428571408,-6.67
Papaya,Thursday,Kg,188.0,2.35,2.4999999999999996,-0.14999999999999947,-6.0
Beetroots,Sunday,Kg,187.0,1.8333333333333333,0.8571428571428571,0.9761904761904762,113.89
Mango Slice Kulfi,Sunday,PCS,182.9,5.0,5.0,0.0,0.0
Bread Slice,Monday,PKT,181.0,1.5,2.0,-0.5,-25.0
Celery Leaves,Tuesday,Kg,180.0,0.5,0.9166666666666666,-0.41666666666666663,-45.45
Chinese Cabbage,Wednesday,Kg,180.0,0.5,0.5454545454545455,-0.045454545454545525,-8.33
French Lettuce Green,Monday,Kg,180.0,0.3333333333333333,0.5,-0.16666666666666669,-33.33
French Lettuce Green,Tuesday,Kg,180.0,0.5,0.5,0.0,0.0
Red Cabbage,Monday,Kg,180.0,0.75,0.75,0.0,0.0
Cinnamon (dalchini),Saturday,Kg,178.5,0.5,1.0,-0.5,-50.0
Cinnamon (dalchini),Thursday,Kg,178.5,0.5,0.5,0.0,0.0
Cinnamon (dalchini),Wednesday,Kg,178.5,0.5,0.5,0.0,0.0
Rai,Thursday,Kg,178.5,2.0,1.75,0.25,14.29
Green Zucchini,Tuesday,Kg,174.0,0.75,0.8636363636363636,-0.11363636363636365,-13.16
Boondi,Thursday,Kg,170.0,0.5,0.5,0.0,0.0
Dhaniya Powder,Saturday,Kg,168.0,1.0,2.0,-1.0,-50.0
Lemon Leaves,Saturday,Kg,168.0,0.1,0.1,0.0,0.0
Lemon Leaves,Sunday,Kg,168.0,0.1,0.07500000000000001,0.024999999999999994,33.33
White Phenyle,Saturday,LTR,165.2,5.0,11.0,-6.0,-54.55
Brinjal Big,Saturday,Kg,160.0,2.0,2.6666666666666665,-0.6666666666666665,-25.0
Brinjal Big,Thursday,Kg,160.0,2.0,2.0,0.0,0.0
Brinjal Big,Tuesday,Kg,160.0,2.0,2.0,0.0,0.0
Brinjal Big,Wednesday,Kg,160.0,2.0,2.4,-0.3999999999999999,-16.67
Chopsuey Noodles,Monday,Kg,160.0,2.0,3.333333333333333,-1.333333333333333,-40.0
Karela,Wednesday,Kg,160.0,2.0,2.0,0.0,0.0
Sevai,Friday,PKT,160.0,4.0,3.5,0.5,14.29
Steam Noodles,Monday,Kg,160.0,2.0,3.1666666666666665,-1.1666666666666665,-36.84
Ajwain,Thursday,Kg,157.5,0.5,0.5,0.0,0.0
Lapsi,Wednesday,Kg,156.0,3.0,3.0,0.0,0.0
Sevai,Thursday,PKT,156.0,2.0,4.0,-2.0,-50.0
Peanut Raw,Saturday,Kg,153.3,1.0,2.0,-1.0,-50.0
Peanut Raw,Thursday,Kg,153.3,1.0,1.6666666666666667,-0.6666666666666667,-40.0
Bread Slice,Thursday,PKT,150.0,2.0,2.0,0.0,0.0
Iceberg Lettuce,Friday,Kg,150.0,1.0,1.0277777777777777,-0.02777777777777768,-2.7
Sweet Potato,Saturday,Kg,150.0,1.0,2.0,-1.0,-50.0
Pandi Chilli,Saturday,Kg,147.0,0.5,1.0,-0.5,-50.0
Baby Potato,Monday,Kg,144.0,1.5,1.8,-0.30000000000000004,-16.67
Baby Potato,Sunday,Kg,144.0,1.5,1.5,0.0,0.0
Baby Potato,Tuesday,Kg,144.0,1.0,1.0,0.0,0.0
Black Salt Powder,Thursday,Kg,144.0,3.0,3.0,0.0,0.0
Steel Scrubber,Sunday,PCS,141.6,12.0,30.0,-18.0,-60.0
Bhavnagri Chilly,Friday,Kg,140.0,1.0,1.0,0.0,0.0
Bhavnagri Chilly,Thursday,Kg,140.0,1.0,0.8333333333333334,0.16666666666666663,20.0
Bhavnagri Chilly,Wednesday,Kg,140.0,0.5,0.5,0.0,0.0
Makai Atta,Wednesday,Kg,140.0,2.0,3.166666666666667,-1.166666666666667,-36.84
Ukda Rice Brown,Wednesday,Kg,140.0,2.0,2.0,0.0,0.0
Bajra,Wednesday,Kg,138.0,3.0,3.0,0.0,0.0
Lady Finger,Friday,Kg,138.0,1.5,1.6,-0.10000000000000009,-6.25
French Lettuce Green,Wednesday,Kg,135.0,0.375,0.3,0.07500000000000001,25.0
Red Pumpkin,Friday,Kg,135.0,2.5,3.0,-0.5,-16.67
Red Pumpkin,Wednesday,Kg,135.0,5.0,2.2,2.8,127.27
Muskmelon,Saturday,Kg,133.0,1.9,1.6666666666666667,0.23333333333333317,14.0
Muskmelon,Thursday,Kg,133.0,1.9,2.457142857142857,-0.5571428571428569,-22.67
Papdi,Saturday,PKT,130.0,2.0,1.0,1.0,100.0
Tofu,Wednesday,Kg,130.0,0.5,2.0,-1.5,-75.0
Bean Sprouts,Friday,Kg,126.0,0.3333333333333333,0.25,0.08333333333333331,33.33
Bean Sprouts,Sunday,Kg,126.0,0.25,0.2777777777777778,-0.02777777777777779,-10.0
Check Duster,Sunday,PCS,126.0,12.0,20.0,-8.0,-40.0
Floor Duster,Sunday,NOS,126.0,12.0,12.0,0.0,0.0
Fresh Basil,Tuesday,Kg,126.0,0.375,0.6388888888888888,-0.26388888888888884,-41.3
Papdi,Monday,PKT,120.0,2.0,2.0,0.0,0.0
Red Cabbage,Wednesday,Kg,120.0,1.0,1.0,0.0,0.0
Small Brinjel,Saturday,Kg,120.0,0.75,2.0,-1.25,-62.5
Beetroots,Friday,Kg,119.0,0.875,1.0,-0.125,-12.5
Yellow Zucchini,Tuesday,Kg,116.0,0.5,0.75,-0.25,-33.33
Flat Noodles,Sunday,PKT,110.0,1.0,1.0,0.0,0.0
Flat Noodles,Tuesday,PKT,110.0,1.0,1.0,0.0,0.0
Beetroots,Monday,Kg,102.0,1.0,0.8333333333333333,0.16666666666666674,20.0
Beetroots,Thursday,Kg,102.0,1.5,0.6666666666666666,0.8333333333333334,125.0
Beetroots,Wednesday,Kg,102.0,1.0,0.7142857142857143,0.2857142857142857,40.0
Cherry Tomato,Sunday,Kg,100.8,0.4,0.4,0.0,0.0
Cello Tape,Friday,NOS,100.0,2.0,4.0,-2.0,-50.0
Chicken Carcass (haddi),Saturday,Kg,100.0,5.0,8.8,-3.8000000000000007,-43.18
Pomegranate (anar),Friday,Kg,100.0,0.5,0.6,-0.09999999999999998,-16.67
Baby Potato,Thursday,Kg,96.0,1.0,1.25,-0.25,-20.0
Black Salt Powder,Saturday,Kg,96.0,2.0,2.0,0.0,0.0
Drum Stick,Saturday,Kg,95.0,1.0,1.0,0.0,0.0
Drum Stick,Thursday,Kg,95.0,1.0,1.0,0.0,0.0
Bean Sprouts,Monday,Kg,94.5,0.25,0.28125,-0.03125,-11.11
Lady Finger,Tuesday,Kg,92.0,1.0,1.625,-0.625,-38.46
Lady Finger,Wednesday,Kg,92.0,2.0,1.75,0.25,14.29
French Lettuce Green,Sunday,Kg,90.0,0.5,0.325,0.175,53.85
French Lettuce Red,Sunday,Kg,90.0,0.25,0.25,0.0,0.0
French Lettuce Red,Thursday,Kg,90.0,0.25,0.25,0.0,0.0
Japanese Cucumber,Saturday,Kg,90.0,0.5,0.6,-0.09999999999999998,-16.67
Lotus Root,Friday,Kg,90.0,0.5,0.7,-0.19999999999999996,-28.57
Lotus Root,Wednesday,Kg,90.0,0.5,0.5,0.0,0.0
Beetroots,Saturday,Kg,85.0,1.25,0.75,0.5,66.67
Leeks,Sunday,Kg,84.0,0.5,0.5,0.0,0.0
Lemon Leaves,Friday,Kg,84.0,0.1,0.13333333333333333,-0.033333333333333326,-25.0
Lemon Leaves,Monday,Kg,84.0,0.1,0.08333333333333334,0.016666666666666663,20.0
Lemon Leaves,Tuesday,Kg,84.0,0.1,0.13333333333333333,-0.033333333333333326,-25.0
Sweet Soda,Thursday,Kg,82.6,1.0,1.0,0.0,0.0
Parsley Leaves,Sunday,Kg,81.9,0.15000000000000002,0.2,-0.04999999999999999,-25.0
Parsley Leaves,Tuesday,Kg,81.9,0.15000000000000002,0.1,0.05000000000000002,50.0
Hard Broom,Friday,NOS,80.0,2.0,6.0,-4.0,-66.67
Karela,Friday,Kg,80.0,1.0,1.0,0.0,0.0
Karela,Monday,Kg,80.0,1.0,1.0,0.0,0.0
Karela,Saturday,Kg,80.0,1.0,1.25,-0.25,-20.0
Karela,Sunday,Kg,80.0,1.0,0.875,0.125,14.29
Karela,Thursday,Kg,80.0,1.0,1.0,0.0,0.0
Small Brinjel,Friday,Kg,80.0,1.0,1.0,0.0,0.0
Small Brinjel,Thursday,Kg,80.0,1.0,1.0,0.0,0.0
Cherry Tomato,Monday,Kg,75.6,0.3,0.5,-0.2,-40.0
Kewra Water,Friday,BTL,74.174,2.0,3.0,-1.0,-33.33
Bhavnagri Chilly,Monday,Kg,70.0,0.5,0.8333333333333334,-0.33333333333333337,-40.0
Tej Patta,Thursday,Kg,68.25,0.5,0.375,0.125,33.33
Papaya,Tuesday,Kg,68.0,1.7,3.265,-1.5650000000000002,-47.93
Raddish,Saturday,Kg,68.0,2.0,2.0,0.0,0.0
Beetroots,Tuesday,Kg,66.5,1.0,0.8333333333333334,0.16666666666666663,20.0
Cherry Tomato,Saturday,Kg,63.0,0.25,0.3875,-0.1375,-35.48
Lemon Grass,Friday,Kg,63.0,0.5,0.5,0.0,0.0
Lemon Grass,Monday,Kg,63.0,0.5,0.5,0.0,0.0
Lemon Grass,Saturday,Kg,63.0,0.5,0.5,0.0,0.0
Parsley Leaves,Friday,Kg,54.6,0.2,0.2,0.0,0.0
Parsley Leaves,Monday,Kg,54.6,0.2,0.15000000000000002,0.04999999999999999,33.33
Baby Potato,Friday,Kg,48.0,1.0,1.5,-0.5,-33.33
Black Salt Powder,Wednesday,Kg,48.0,1.0,1.5,-0.5,-33.33
Drum Stick,Monday,Kg,47.5,0.5,1.0,-0.5,-50.0
Lady Finger,Monday,Kg,46.0,1.0,1.3333333333333333,-0.33333333333333326,-25.0
French Lettuce Green,Friday,Kg,45.0,0.25,0.3333333333333333,-0.08333333333333331,-25.0
French Lettuce Green,Thursday,Kg,45.0,0.25,0.375,-0.125,-33.33
French Lettuce Red,Monday,Kg,45.0,0.25,0.3,-0.04999999999999999,-16.67
French Lettuce Red,Saturday,Kg,45.0,0.25,0.25,0.0,0.0
Cherry Tomato,Thursday,Kg,37.8,0.3,0.38999999999999996,-0.08999999999999997,-23.08
Cherry Tomato,Wednesday,Kg,37.8,0.3,0.25,0.04999999999999999,20.0
Raddish,Tuesday,Kg,34.0,1.0,2.0,-1.0,-50.0
Bean Sprouts,Saturday,Kg,31.5,0.25,0.25,0.0,0.0
Bean Sprouts,Tuesday,Kg,31.5,0.25,0.2777777777777778,-0.02777777777777779,-10.0
Bean Sprouts,Wednesday,Kg,31.5,0.25,0.3125,-0.0625,-20.0
Parsley Leaves,Saturday,Kg,27.3,0.1,0.15,-0.04999999999999999,-33.33
Red Pumpkin,Sunday,Kg,27.0,1.0,2.5,-1.5,-60.0
